1.612200e+02 -9.801000e+01 2.450250e+01 -1.089000e+01 6.125625e+00 -3.920400e+00 2.722500e+00 -2.000204e+00 1.531406e+00 -1.210000e+00 9.801000e-01 -8.100000e-01 6.806250e-01 -5.799408e-01 5.000510e-01 -4.356000e-01 3.828516e-01 -3.391349e-01 3.025000e-01 -2.714958e-01 2.450250e-01 -2.222449e-01 2.025000e-01 -1.852741e-01 1.701563e-01 -1.568160e-01 1.449852e-01 -1.344444e-01 1.250128e-01 -1.165398e-01 1.089000e-01 -1.019875e-01 9.571289e-02 -9.000000e-02 8.478374e-02 -8.000816e-02 7.562500e-02 -7.159240e-02 6.787396e-02 -6.443787e-02 6.125625e-02 -5.830458e-02 5.556122e-02 -5.300703e-02 5.062500e-02 -4.840000e-02 4.631853e-02 -4.436849e-02 4.253906e-02 -4.082049e-02 3.920400e-02 -3.768166e-02 3.624630e-02 -3.489142e-02 3.361111e-02 -3.240000e-02 3.125319e-02 -3.016620e-02 2.913496e-02 -2.815570e-02 2.722500e-02 -2.633969e-02 2.549688e-02 -2.469388e-02 2.392822e-02 -2.319763e-02 2.250000e-02 -2.183337e-02 2.119593e-02 -2.058601e-02 2.000204e-02 -1.944257e-02 1.890625e-02 -1.839182e-02 1.789810e-02 -1.742400e-02 1.696849e-02 -1.653061e-02 1.610947e-02 -1.570421e-02 1.531406e-02 -1.493827e-02 1.457615e-02 -1.422703e-02 1.389031e-02 -1.356540e-02 1.325176e-02 -1.294887e-02 1.265625e-02 -1.237344e-02 1.210000e-02 -1.183553e-02 1.157963e-02 -1.133195e-02 1.109212e-02 -1.085983e-02 1.063477e-02 -1.041662e-02 1.020512e-02 -1.000000e-02 
-9.801000e+01 1.612251e+02 -9.801000e+01 2.450250e+01 -1.089000e+01 6.125625e+00 -3.920400e+00 2.722500e+00 -2.000204e+00 1.531406e+00 -1.210000e+00 9.801000e-01 -8.100000e-01 6.806250e-01 -5.799408e-01 5.000510e-01 -4.356000e-01 3.828516e-01 -3.391349e-01 3.025000e-01 -2.714958e-01 2.450250e-01 -2.222449e-01 2.025000e-01 -1.852741e-01 1.701563e-01 -1.568160e-01 1.449852e-01 -1.344444e-01 1.250128e-01 -1.165398e-01 1.089000e-01 -1.019875e-01 9.571289e-02 -9.000000e-02 8.478374e-02 -8.000816e-02 7.562500e-02 -7.159240e-02 6.787396e-02 -6.443787e-02 6.125625e-02 -5.830458e-02 5.556122e-02 -5.300703e-02 5.062500e-02 -4.840000e-02 4.631853e-02 -4.436849e-02 4.253906e-02 -4.082049e-02 3.920400e-02 -3.768166e-02 3.624630e-02 -3.489142e-02 3.361111e-02 -3.240000e-02 3.125319e-02 -3.016620e-02 2.913496e-02 -2.815570e-02 2.722500e-02 -2.633969e-02 2.549688e-02 -2.469388e-02 2.392822e-02 -2.319763e-02 2.250000e-02 -2.183337e-02 2.119593e-02 -2.058601e-02 2.000204e-02 -1.944257e-02 1.890625e-02 -1.839182e-02 1.789810e-02 -1.742400e-02 1.696849e-02 -1.653061e-02 1.610947e-02 -1.570421e-02 1.531406e-02 -1.493827e-02 1.457615e-02 -1.422703e-02 1.389031e-02 -1.356540e-02 1.325176e-02 -1.294887e-02 1.265625e-02 -1.237344e-02 1.210000e-02 -1.183553e-02 1.157963e-02 -1.133195e-02 1.109212e-02 -1.085983e-02 1.063477e-02 -1.041662e-02 1.020512e-02 
2.450250e+01 -9.801000e+01 1.612404e+02 -9.801000e+01 2.450250e+01 -1.089000e+01 6.125625e+00 -3.920400e+00 2.722500e+00 -2.000204e+00 1.531406e+00 -1.210000e+00 9.801000e-01 -8.100000e-01 6.806250e-01 -5.799408e-01 5.000510e-01 -4.356000e-01 3.828516e-01 -3.391349e-01 3.025000e-01 -2.714958e-01 2.450250e-01 -2.222449e-01 2.025000e-01 -1.852741e-01 1.701563e-01 -1.568160e-01 1.449852e-01 -1.344444e-01 1.250128e-01 -1.165398e-01 1.089000e-01 -1.019875e-01 9.571289e-02 -9.000000e-02 8.478374e-02 -8.000816e-02 7.562500e-02 -7.159240e-02 6.787396e-02 -6.443787e-02 6.125625e-02 -5.830458e-02 5.556122e-02 -5.300703e-02 5.062500e-02 -4.840000e-02 4.631853e-02 -4.436849e-02 4.253906e-02 -4.082049e-02 3.920400e-02 -3.768166e-02 3.624630e-02 -3.489142e-02 3.361111e-02 -3.240000e-02 3.125319e-02 -3.016620e-02 2.913496e-02 -2.815570e-02 2.722500e-02 -2.633969e-02 2.549688e-02 -2.469388e-02 2.392822e-02 -2.319763e-02 2.250000e-02 -2.183337e-02 2.119593e-02 -2.058601e-02 2.000204e-02 -1.944257e-02 1.890625e-02 -1.839182e-02 1.789810e-02 -1.742400e-02 1.696849e-02 -1.653061e-02 1.610947e-02 -1.570421e-02 1.531406e-02 -1.493827e-02 1.457615e-02 -1.422703e-02 1.389031e-02 -1.356540e-02 1.325176e-02 -1.294887e-02 1.265625e-02 -1.237344e-02 1.210000e-02 -1.183553e-02 1.157963e-02 -1.133195e-02 1.109212e-02 -1.085983e-02 1.063477e-02 -1.041662e-02 
-1.089000e+01 2.450250e+01 -9.801000e+01 1.612659e+02 -9.801000e+01 2.450250e+01 -1.089000e+01 6.125625e+00 -3.920400e+00 2.722500e+00 -2.000204e+00 1.531406e+00 -1.210000e+00 9.801000e-01 -8.100000e-01 6.806250e-01 -5.799408e-01 5.000510e-01 -4.356000e-01 3.828516e-01 -3.391349e-01 3.025000e-01 -2.714958e-01 2.450250e-01 -2.222449e-01 2.025000e-01 -1.852741e-01 1.701563e-01 -1.568160e-01 1.449852e-01 -1.344444e-01 1.250128e-01 -1.165398e-01 1.089000e-01 -1.019875e-01 9.571289e-02 -9.000000e-02 8.478374e-02 -8.000816e-02 7.562500e-02 -7.159240e-02 6.787396e-02 -6.443787e-02 6.125625e-02 -5.830458e-02 5.556122e-02 -5.300703e-02 5.062500e-02 -4.840000e-02 4.631853e-02 -4.436849e-02 4.253906e-02 -4.082049e-02 3.920400e-02 -3.768166e-02 3.624630e-02 -3.489142e-02 3.361111e-02 -3.240000e-02 3.125319e-02 -3.016620e-02 2.913496e-02 -2.815570e-02 2.722500e-02 -2.633969e-02 2.549688e-02 -2.469388e-02 2.392822e-02 -2.319763e-02 2.250000e-02 -2.183337e-02 2.119593e-02 -2.058601e-02 2.000204e-02 -1.944257e-02 1.890625e-02 -1.839182e-02 1.789810e-02 -1.742400e-02 1.696849e-02 -1.653061e-02 1.610947e-02 -1.570421e-02 1.531406e-02 -1.493827e-02 1.457615e-02 -1.422703e-02 1.389031e-02 -1.356540e-02 1.325176e-02 -1.294887e-02 1.265625e-02 -1.237344e-02 1.210000e-02 -1.183553e-02 1.157963e-02 -1.133195e-02 1.109212e-02 -1.085983e-02 1.063477e-02 
6.125625e+00 -1.089000e+01 2.450250e+01 -9.801000e+01 1.613016e+02 -9.801000e+01 2.450250e+01 -1.089000e+01 6.125625e+00 -3.920400e+00 2.722500e+00 -2.000204e+00 1.531406e+00 -1.210000e+00 9.801000e-01 -8.100000e-01 6.806250e-01 -5.799408e-01 5.000510e-01 -4.356000e-01 3.828516e-01 -3.391349e-01 3.025000e-01 -2.714958e-01 2.450250e-01 -2.222449e-01 2.025000e-01 -1.852741e-01 1.701563e-01 -1.568160e-01 1.449852e-01 -1.344444e-01 1.250128e-01 -1.165398e-01 1.089000e-01 -1.019875e-01 9.571289e-02 -9.000000e-02 8.478374e-02 -8.000816e-02 7.562500e-02 -7.159240e-02 6.787396e-02 -6.443787e-02 6.125625e-02 -5.830458e-02 5.556122e-02 -5.300703e-02 5.062500e-02 -4.840000e-02 4.631853e-02 -4.436849e-02 4.253906e-02 -4.082049e-02 3.920400e-02 -3.768166e-02 3.624630e-02 -3.489142e-02 3.361111e-02 -3.240000e-02 3.125319e-02 -3.016620e-02 2.913496e-02 -2.815570e-02 2.722500e-02 -2.633969e-02 2.549688e-02 -2.469388e-02 2.392822e-02 -2.319763e-02 2.250000e-02 -2.183337e-02 2.119593e-02 -2.058601e-02 2.000204e-02 -1.944257e-02 1.890625e-02 -1.839182e-02 1.789810e-02 -1.742400e-02 1.696849e-02 -1.653061e-02 1.610947e-02 -1.570421e-02 1.531406e-02 -1.493827e-02 1.457615e-02 -1.422703e-02 1.389031e-02 -1.356540e-02 1.325176e-02 -1.294887e-02 1.265625e-02 -1.237344e-02 1.210000e-02 -1.183553e-02 1.157963e-02 -1.133195e-02 1.109212e-02 -1.085983e-02 
-3.920400e+00 6.125625e+00 -1.089000e+01 2.450250e+01 -9.801000e+01 1.613475e+02 -9.801000e+01 2.450250e+01 -1.089000e+01 6.125625e+00 -3.920400e+00 2.722500e+00 -2.000204e+00 1.531406e+00 -1.210000e+00 9.801000e-01 -8.100000e-01 6.806250e-01 -5.799408e-01 5.000510e-01 -4.356000e-01 3.828516e-01 -3.391349e-01 3.025000e-01 -2.714958e-01 2.450250e-01 -2.222449e-01 2.025000e-01 -1.852741e-01 1.701563e-01 -1.568160e-01 1.449852e-01 -1.344444e-01 1.250128e-01 -1.165398e-01 1.089000e-01 -1.019875e-01 9.571289e-02 -9.000000e-02 8.478374e-02 -8.000816e-02 7.562500e-02 -7.159240e-02 6.787396e-02 -6.443787e-02 6.125625e-02 -5.830458e-02 5.556122e-02 -5.300703e-02 5.062500e-02 -4.840000e-02 4.631853e-02 -4.436849e-02 4.253906e-02 -4.082049e-02 3.920400e-02 -3.768166e-02 3.624630e-02 -3.489142e-02 3.361111e-02 -3.240000e-02 3.125319e-02 -3.016620e-02 2.913496e-02 -2.815570e-02 2.722500e-02 -2.633969e-02 2.549688e-02 -2.469388e-02 2.392822e-02 -2.319763e-02 2.250000e-02 -2.183337e-02 2.119593e-02 -2.058601e-02 2.000204e-02 -1.944257e-02 1.890625e-02 -1.839182e-02 1.789810e-02 -1.742400e-02 1.696849e-02 -1.653061e-02 1.610947e-02 -1.570421e-02 1.531406e-02 -1.493827e-02 1.457615e-02 -1.422703e-02 1.389031e-02 -1.356540e-02 1.325176e-02 -1.294887e-02 1.265625e-02 -1.237344e-02 1.210000e-02 -1.183553e-02 1.157963e-02 -1.133195e-02 1.109212e-02 
2.722500e+00 -3.920400e+00 6.125625e+00 -1.089000e+01 2.450250e+01 -9.801000e+01 1.614036e+02 -9.801000e+01 2.450250e+01 -1.089000e+01 6.125625e+00 -3.920400e+00 2.722500e+00 -2.000204e+00 1.531406e+00 -1.210000e+00 9.801000e-01 -8.100000e-01 6.806250e-01 -5.799408e-01 5.000510e-01 -4.356000e-01 3.828516e-01 -3.391349e-01 3.025000e-01 -2.714958e-01 2.450250e-01 -2.222449e-01 2.025000e-01 -1.852741e-01 1.701563e-01 -1.568160e-01 1.449852e-01 -1.344444e-01 1.250128e-01 -1.165398e-01 1.089000e-01 -1.019875e-01 9.571289e-02 -9.000000e-02 8.478374e-02 -8.000816e-02 7.562500e-02 -7.159240e-02 6.787396e-02 -6.443787e-02 6.125625e-02 -5.830458e-02 5.556122e-02 -5.300703e-02 5.062500e-02 -4.840000e-02 4.631853e-02 -4.436849e-02 4.253906e-02 -4.082049e-02 3.920400e-02 -3.768166e-02 3.624630e-02 -3.489142e-02 3.361111e-02 -3.240000e-02 3.125319e-02 -3.016620e-02 2.913496e-02 -2.815570e-02 2.722500e-02 -2.633969e-02 2.549688e-02 -2.469388e-02 2.392822e-02 -2.319763e-02 2.250000e-02 -2.183337e-02 2.119593e-02 -2.058601e-02 2.000204e-02 -1.944257e-02 1.890625e-02 -1.839182e-02 1.789810e-02 -1.742400e-02 1.696849e-02 -1.653061e-02 1.610947e-02 -1.570421e-02 1.531406e-02 -1.493827e-02 1.457615e-02 -1.422703e-02 1.389031e-02 -1.356540e-02 1.325176e-02 -1.294887e-02 1.265625e-02 -1.237344e-02 1.210000e-02 -1.183553e-02 1.157963e-02 -1.133195e-02 
-2.000204e+00 2.722500e+00 -3.920400e+00 6.125625e+00 -1.089000e+01 2.450250e+01 -9.801000e+01 1.614700e+02 -9.801000e+01 2.450250e+01 -1.089000e+01 6.125625e+00 -3.920400e+00 2.722500e+00 -2.000204e+00 1.531406e+00 -1.210000e+00 9.801000e-01 -8.100000e-01 6.806250e-01 -5.799408e-01 5.000510e-01 -4.356000e-01 3.828516e-01 -3.391349e-01 3.025000e-01 -2.714958e-01 2.450250e-01 -2.222449e-01 2.025000e-01 -1.852741e-01 1.701563e-01 -1.568160e-01 1.449852e-01 -1.344444e-01 1.250128e-01 -1.165398e-01 1.089000e-01 -1.019875e-01 9.571289e-02 -9.000000e-02 8.478374e-02 -8.000816e-02 7.562500e-02 -7.159240e-02 6.787396e-02 -6.443787e-02 6.125625e-02 -5.830458e-02 5.556122e-02 -5.300703e-02 5.062500e-02 -4.840000e-02 4.631853e-02 -4.436849e-02 4.253906e-02 -4.082049e-02 3.920400e-02 -3.768166e-02 3.624630e-02 -3.489142e-02 3.361111e-02 -3.240000e-02 3.125319e-02 -3.016620e-02 2.913496e-02 -2.815570e-02 2.722500e-02 -2.633969e-02 2.549688e-02 -2.469388e-02 2.392822e-02 -2.319763e-02 2.250000e-02 -2.183337e-02 2.119593e-02 -2.058601e-02 2.000204e-02 -1.944257e-02 1.890625e-02 -1.839182e-02 1.789810e-02 -1.742400e-02 1.696849e-02 -1.653061e-02 1.610947e-02 -1.570421e-02 1.531406e-02 -1.493827e-02 1.457615e-02 -1.422703e-02 1.389031e-02 -1.356540e-02 1.325176e-02 -1.294887e-02 1.265625e-02 -1.237344e-02 1.210000e-02 -1.183553e-02 1.157963e-02 
1.531406e+00 -2.000204e+00 2.722500e+00 -3.920400e+00 6.125625e+00 -1.089000e+01 2.450250e+01 -9.801000e+01 1.615465e+02 -9.801000e+01 2.450250e+01 -1.089000e+01 6.125625e+00 -3.920400e+00 2.722500e+00 -2.000204e+00 1.531406e+00 -1.210000e+00 9.801000e-01 -8.100000e-01 6.806250e-01 -5.799408e-01 5.000510e-01 -4.356000e-01 3.828516e-01 -3.391349e-01 3.025000e-01 -2.714958e-01 2.450250e-01 -2.222449e-01 2.025000e-01 -1.852741e-01 1.701563e-01 -1.568160e-01 1.449852e-01 -1.344444e-01 1.250128e-01 -1.165398e-01 1.089000e-01 -1.019875e-01 9.571289e-02 -9.000000e-02 8.478374e-02 -8.000816e-02 7.562500e-02 -7.159240e-02 6.787396e-02 -6.443787e-02 6.125625e-02 -5.830458e-02 5.556122e-02 -5.300703e-02 5.062500e-02 -4.840000e-02 4.631853e-02 -4.436849e-02 4.253906e-02 -4.082049e-02 3.920400e-02 -3.768166e-02 3.624630e-02 -3.489142e-02 3.361111e-02 -3.240000e-02 3.125319e-02 -3.016620e-02 2.913496e-02 -2.815570e-02 2.722500e-02 -2.633969e-02 2.549688e-02 -2.469388e-02 2.392822e-02 -2.319763e-02 2.250000e-02 -2.183337e-02 2.119593e-02 -2.058601e-02 2.000204e-02 -1.944257e-02 1.890625e-02 -1.839182e-02 1.789810e-02 -1.742400e-02 1.696849e-02 -1.653061e-02 1.610947e-02 -1.570421e-02 1.531406e-02 -1.493827e-02 1.457615e-02 -1.422703e-02 1.389031e-02 -1.356540e-02 1.325176e-02 -1.294887e-02 1.265625e-02 -1.237344e-02 1.210000e-02 -1.183553e-02 
-1.210000e+00 1.531406e+00 -2.000204e+00 2.722500e+00 -3.920400e+00 6.125625e+00 -1.089000e+01 2.450250e+01 -9.801000e+01 1.616332e+02 -9.801000e+01 2.450250e+01 -1.089000e+01 6.125625e+00 -3.920400e+00 2.722500e+00 -2.000204e+00 1.531406e+00 -1.210000e+00 9.801000e-01 -8.100000e-01 6.806250e-01 -5.799408e-01 5.000510e-01 -4.356000e-01 3.828516e-01 -3.391349e-01 3.025000e-01 -2.714958e-01 2.450250e-01 -2.222449e-01 2.025000e-01 -1.852741e-01 1.701563e-01 -1.568160e-01 1.449852e-01 -1.344444e-01 1.250128e-01 -1.165398e-01 1.089000e-01 -1.019875e-01 9.571289e-02 -9.000000e-02 8.478374e-02 -8.000816e-02 7.562500e-02 -7.159240e-02 6.787396e-02 -6.443787e-02 6.125625e-02 -5.830458e-02 5.556122e-02 -5.300703e-02 5.062500e-02 -4.840000e-02 4.631853e-02 -4.436849e-02 4.253906e-02 -4.082049e-02 3.920400e-02 -3.768166e-02 3.624630e-02 -3.489142e-02 3.361111e-02 -3.240000e-02 3.125319e-02 -3.016620e-02 2.913496e-02 -2.815570e-02 2.722500e-02 -2.633969e-02 2.549688e-02 -2.469388e-02 2.392822e-02 -2.319763e-02 2.250000e-02 -2.183337e-02 2.119593e-02 -2.058601e-02 2.000204e-02 -1.944257e-02 1.890625e-02 -1.839182e-02 1.789810e-02 -1.742400e-02 1.696849e-02 -1.653061e-02 1.610947e-02 -1.570421e-02 1.531406e-02 -1.493827e-02 1.457615e-02 -1.422703e-02 1.389031e-02 -1.356540e-02 1.325176e-02 -1.294887e-02 1.265625e-02 -1.237344e-02 1.210000e-02 
9.801000e-01 -1.210000e+00 1.531406e+00 -2.000204e+00 2.722500e+00 -3.920400e+00 6.125625e+00 -1.089000e+01 2.450250e+01 -9.801000e+01 1.617301e+02 -9.801000e+01 2.450250e+01 -1.089000e+01 6.125625e+00 -3.920400e+00 2.722500e+00 -2.000204e+00 1.531406e+00 -1.210000e+00 9.801000e-01 -8.100000e-01 6.806250e-01 -5.799408e-01 5.000510e-01 -4.356000e-01 3.828516e-01 -3.391349e-01 3.025000e-01 -2.714958e-01 2.450250e-01 -2.222449e-01 2.025000e-01 -1.852741e-01 1.701563e-01 -1.568160e-01 1.449852e-01 -1.344444e-01 1.250128e-01 -1.165398e-01 1.089000e-01 -1.019875e-01 9.571289e-02 -9.000000e-02 8.478374e-02 -8.000816e-02 7.562500e-02 -7.159240e-02 6.787396e-02 -6.443787e-02 6.125625e-02 -5.830458e-02 5.556122e-02 -5.300703e-02 5.062500e-02 -4.840000e-02 4.631853e-02 -4.436849e-02 4.253906e-02 -4.082049e-02 3.920400e-02 -3.768166e-02 3.624630e-02 -3.489142e-02 3.361111e-02 -3.240000e-02 3.125319e-02 -3.016620e-02 2.913496e-02 -2.815570e-02 2.722500e-02 -2.633969e-02 2.549688e-02 -2.469388e-02 2.392822e-02 -2.319763e-02 2.250000e-02 -2.183337e-02 2.119593e-02 -2.058601e-02 2.000204e-02 -1.944257e-02 1.890625e-02 -1.839182e-02 1.789810e-02 -1.742400e-02 1.696849e-02 -1.653061e-02 1.610947e-02 -1.570421e-02 1.531406e-02 -1.493827e-02 1.457615e-02 -1.422703e-02 1.389031e-02 -1.356540e-02 1.325176e-02 -1.294887e-02 1.265625e-02 -1.237344e-02 
-8.100000e-01 9.801000e-01 -1.210000e+00 1.531406e+00 -2.000204e+00 2.722500e+00 -3.920400e+00 6.125625e+00 -1.089000e+01 2.450250e+01 -9.801000e+01 1.618373e+02 -9.801000e+01 2.450250e+01 -1.089000e+01 6.125625e+00 -3.920400e+00 2.722500e+00 -2.000204e+00 1.531406e+00 -1.210000e+00 9.801000e-01 -8.100000e-01 6.806250e-01 -5.799408e-01 5.000510e-01 -4.356000e-01 3.828516e-01 -3.391349e-01 3.025000e-01 -2.714958e-01 2.450250e-01 -2.222449e-01 2.025000e-01 -1.852741e-01 1.701563e-01 -1.568160e-01 1.449852e-01 -1.344444e-01 1.250128e-01 -1.165398e-01 1.089000e-01 -1.019875e-01 9.571289e-02 -9.000000e-02 8.478374e-02 -8.000816e-02 7.562500e-02 -7.159240e-02 6.787396e-02 -6.443787e-02 6.125625e-02 -5.830458e-02 5.556122e-02 -5.300703e-02 5.062500e-02 -4.840000e-02 4.631853e-02 -4.436849e-02 4.253906e-02 -4.082049e-02 3.920400e-02 -3.768166e-02 3.624630e-02 -3.489142e-02 3.361111e-02 -3.240000e-02 3.125319e-02 -3.016620e-02 2.913496e-02 -2.815570e-02 2.722500e-02 -2.633969e-02 2.549688e-02 -2.469388e-02 2.392822e-02 -2.319763e-02 2.250000e-02 -2.183337e-02 2.119593e-02 -2.058601e-02 2.000204e-02 -1.944257e-02 1.890625e-02 -1.839182e-02 1.789810e-02 -1.742400e-02 1.696849e-02 -1.653061e-02 1.610947e-02 -1.570421e-02 1.531406e-02 -1.493827e-02 1.457615e-02 -1.422703e-02 1.389031e-02 -1.356540e-02 1.325176e-02 -1.294887e-02 1.265625e-02 
6.806250e-01 -8.100000e-01 9.801000e-01 -1.210000e+00 1.531406e+00 -2.000204e+00 2.722500e+00 -3.920400e+00 6.125625e+00 -1.089000e+01 2.450250e+01 -9.801000e+01 1.619546e+02 -9.801000e+01 2.450250e+01 -1.089000e+01 6.125625e+00 -3.920400e+00 2.722500e+00 -2.000204e+00 1.531406e+00 -1.210000e+00 9.801000e-01 -8.100000e-01 6.806250e-01 -5.799408e-01 5.000510e-01 -4.356000e-01 3.828516e-01 -3.391349e-01 3.025000e-01 -2.714958e-01 2.450250e-01 -2.222449e-01 2.025000e-01 -1.852741e-01 1.701563e-01 -1.568160e-01 1.449852e-01 -1.344444e-01 1.250128e-01 -1.165398e-01 1.089000e-01 -1.019875e-01 9.571289e-02 -9.000000e-02 8.478374e-02 -8.000816e-02 7.562500e-02 -7.159240e-02 6.787396e-02 -6.443787e-02 6.125625e-02 -5.830458e-02 5.556122e-02 -5.300703e-02 5.062500e-02 -4.840000e-02 4.631853e-02 -4.436849e-02 4.253906e-02 -4.082049e-02 3.920400e-02 -3.768166e-02 3.624630e-02 -3.489142e-02 3.361111e-02 -3.240000e-02 3.125319e-02 -3.016620e-02 2.913496e-02 -2.815570e-02 2.722500e-02 -2.633969e-02 2.549688e-02 -2.469388e-02 2.392822e-02 -2.319763e-02 2.250000e-02 -2.183337e-02 2.119593e-02 -2.058601e-02 2.000204e-02 -1.944257e-02 1.890625e-02 -1.839182e-02 1.789810e-02 -1.742400e-02 1.696849e-02 -1.653061e-02 1.610947e-02 -1.570421e-02 1.531406e-02 -1.493827e-02 1.457615e-02 -1.422703e-02 1.389031e-02 -1.356540e-02 1.325176e-02 -1.294887e-02 
-5.799408e-01 6.806250e-01 -8.100000e-01 9.801000e-01 -1.210000e+00 1.531406e+00 -2.000204e+00 2.722500e+00 -3.920400e+00 6.125625e+00 -1.089000e+01 2.450250e+01 -9.801000e+01 1.620821e+02 -9.801000e+01 2.450250e+01 -1.089000e+01 6.125625e+00 -3.920400e+00 2.722500e+00 -2.000204e+00 1.531406e+00 -1.210000e+00 9.801000e-01 -8.100000e-01 6.806250e-01 -5.799408e-01 5.000510e-01 -4.356000e-01 3.828516e-01 -3.391349e-01 3.025000e-01 -2.714958e-01 2.450250e-01 -2.222449e-01 2.025000e-01 -1.852741e-01 1.701563e-01 -1.568160e-01 1.449852e-01 -1.344444e-01 1.250128e-01 -1.165398e-01 1.089000e-01 -1.019875e-01 9.571289e-02 -9.000000e-02 8.478374e-02 -8.000816e-02 7.562500e-02 -7.159240e-02 6.787396e-02 -6.443787e-02 6.125625e-02 -5.830458e-02 5.556122e-02 -5.300703e-02 5.062500e-02 -4.840000e-02 4.631853e-02 -4.436849e-02 4.253906e-02 -4.082049e-02 3.920400e-02 -3.768166e-02 3.624630e-02 -3.489142e-02 3.361111e-02 -3.240000e-02 3.125319e-02 -3.016620e-02 2.913496e-02 -2.815570e-02 2.722500e-02 -2.633969e-02 2.549688e-02 -2.469388e-02 2.392822e-02 -2.319763e-02 2.250000e-02 -2.183337e-02 2.119593e-02 -2.058601e-02 2.000204e-02 -1.944257e-02 1.890625e-02 -1.839182e-02 1.789810e-02 -1.742400e-02 1.696849e-02 -1.653061e-02 1.610947e-02 -1.570421e-02 1.531406e-02 -1.493827e-02 1.457615e-02 -1.422703e-02 1.389031e-02 -1.356540e-02 1.325176e-02 
5.000510e-01 -5.799408e-01 6.806250e-01 -8.100000e-01 9.801000e-01 -1.210000e+00 1.531406e+00 -2.000204e+00 2.722500e+00 -3.920400e+00 6.125625e+00 -1.089000e+01 2.450250e+01 -9.801000e+01 1.622199e+02 -9.801000e+01 2.450250e+01 -1.089000e+01 6.125625e+00 -3.920400e+00 2.722500e+00 -2.000204e+00 1.531406e+00 -1.210000e+00 9.801000e-01 -8.100000e-01 6.806250e-01 -5.799408e-01 5.000510e-01 -4.356000e-01 3.828516e-01 -3.391349e-01 3.025000e-01 -2.714958e-01 2.450250e-01 -2.222449e-01 2.025000e-01 -1.852741e-01 1.701563e-01 -1.568160e-01 1.449852e-01 -1.344444e-01 1.250128e-01 -1.165398e-01 1.089000e-01 -1.019875e-01 9.571289e-02 -9.000000e-02 8.478374e-02 -8.000816e-02 7.562500e-02 -7.159240e-02 6.787396e-02 -6.443787e-02 6.125625e-02 -5.830458e-02 5.556122e-02 -5.300703e-02 5.062500e-02 -4.840000e-02 4.631853e-02 -4.436849e-02 4.253906e-02 -4.082049e-02 3.920400e-02 -3.768166e-02 3.624630e-02 -3.489142e-02 3.361111e-02 -3.240000e-02 3.125319e-02 -3.016620e-02 2.913496e-02 -2.815570e-02 2.722500e-02 -2.633969e-02 2.549688e-02 -2.469388e-02 2.392822e-02 -2.319763e-02 2.250000e-02 -2.183337e-02 2.119593e-02 -2.058601e-02 2.000204e-02 -1.944257e-02 1.890625e-02 -1.839182e-02 1.789810e-02 -1.742400e-02 1.696849e-02 -1.653061e-02 1.610947e-02 -1.570421e-02 1.531406e-02 -1.493827e-02 1.457615e-02 -1.422703e-02 1.389031e-02 -1.356540e-02 
-4.356000e-01 5.000510e-01 -5.799408e-01 6.806250e-01 -8.100000e-01 9.801000e-01 -1.210000e+00 1.531406e+00 -2.000204e+00 2.722500e+00 -3.920400e+00 6.125625e+00 -1.089000e+01 2.450250e+01 -9.801000e+01 1.623678e+02 -9.801000e+01 2.450250e+01 -1.089000e+01 6.125625e+00 -3.920400e+00 2.722500e+00 -2.000204e+00 1.531406e+00 -1.210000e+00 9.801000e-01 -8.100000e-01 6.806250e-01 -5.799408e-01 5.000510e-01 -4.356000e-01 3.828516e-01 -3.391349e-01 3.025000e-01 -2.714958e-01 2.450250e-01 -2.222449e-01 2.025000e-01 -1.852741e-01 1.701563e-01 -1.568160e-01 1.449852e-01 -1.344444e-01 1.250128e-01 -1.165398e-01 1.089000e-01 -1.019875e-01 9.571289e-02 -9.000000e-02 8.478374e-02 -8.000816e-02 7.562500e-02 -7.159240e-02 6.787396e-02 -6.443787e-02 6.125625e-02 -5.830458e-02 5.556122e-02 -5.300703e-02 5.062500e-02 -4.840000e-02 4.631853e-02 -4.436849e-02 4.253906e-02 -4.082049e-02 3.920400e-02 -3.768166e-02 3.624630e-02 -3.489142e-02 3.361111e-02 -3.240000e-02 3.125319e-02 -3.016620e-02 2.913496e-02 -2.815570e-02 2.722500e-02 -2.633969e-02 2.549688e-02 -2.469388e-02 2.392822e-02 -2.319763e-02 2.250000e-02 -2.183337e-02 2.119593e-02 -2.058601e-02 2.000204e-02 -1.944257e-02 1.890625e-02 -1.839182e-02 1.789810e-02 -1.742400e-02 1.696849e-02 -1.653061e-02 1.610947e-02 -1.570421e-02 1.531406e-02 -1.493827e-02 1.457615e-02 -1.422703e-02 1.389031e-02 
3.828516e-01 -4.356000e-01 5.000510e-01 -5.799408e-01 6.806250e-01 -8.100000e-01 9.801000e-01 -1.210000e+00 1.531406e+00 -2.000204e+00 2.722500e+00 -3.920400e+00 6.125625e+00 -1.089000e+01 2.450250e+01 -9.801000e+01 1.625260e+02 -9.801000e+01 2.450250e+01 -1.089000e+01 6.125625e+00 -3.920400e+00 2.722500e+00 -2.000204e+00 1.531406e+00 -1.210000e+00 9.801000e-01 -8.100000e-01 6.806250e-01 -5.799408e-01 5.000510e-01 -4.356000e-01 3.828516e-01 -3.391349e-01 3.025000e-01 -2.714958e-01 2.450250e-01 -2.222449e-01 2.025000e-01 -1.852741e-01 1.701563e-01 -1.568160e-01 1.449852e-01 -1.344444e-01 1.250128e-01 -1.165398e-01 1.089000e-01 -1.019875e-01 9.571289e-02 -9.000000e-02 8.478374e-02 -8.000816e-02 7.562500e-02 -7.159240e-02 6.787396e-02 -6.443787e-02 6.125625e-02 -5.830458e-02 5.556122e-02 -5.300703e-02 5.062500e-02 -4.840000e-02 4.631853e-02 -4.436849e-02 4.253906e-02 -4.082049e-02 3.920400e-02 -3.768166e-02 3.624630e-02 -3.489142e-02 3.361111e-02 -3.240000e-02 3.125319e-02 -3.016620e-02 2.913496e-02 -2.815570e-02 2.722500e-02 -2.633969e-02 2.549688e-02 -2.469388e-02 2.392822e-02 -2.319763e-02 2.250000e-02 -2.183337e-02 2.119593e-02 -2.058601e-02 2.000204e-02 -1.944257e-02 1.890625e-02 -1.839182e-02 1.789810e-02 -1.742400e-02 1.696849e-02 -1.653061e-02 1.610947e-02 -1.570421e-02 1.531406e-02 -1.493827e-02 1.457615e-02 -1.422703e-02 
-3.391349e-01 3.828516e-01 -4.356000e-01 5.000510e-01 -5.799408e-01 6.806250e-01 -8.100000e-01 9.801000e-01 -1.210000e+00 1.531406e+00 -2.000204e+00 2.722500e+00 -3.920400e+00 6.125625e+00 -1.089000e+01 2.450250e+01 -9.801000e+01 1.626943e+02 -9.801000e+01 2.450250e+01 -1.089000e+01 6.125625e+00 -3.920400e+00 2.722500e+00 -2.000204e+00 1.531406e+00 -1.210000e+00 9.801000e-01 -8.100000e-01 6.806250e-01 -5.799408e-01 5.000510e-01 -4.356000e-01 3.828516e-01 -3.391349e-01 3.025000e-01 -2.714958e-01 2.450250e-01 -2.222449e-01 2.025000e-01 -1.852741e-01 1.701563e-01 -1.568160e-01 1.449852e-01 -1.344444e-01 1.250128e-01 -1.165398e-01 1.089000e-01 -1.019875e-01 9.571289e-02 -9.000000e-02 8.478374e-02 -8.000816e-02 7.562500e-02 -7.159240e-02 6.787396e-02 -6.443787e-02 6.125625e-02 -5.830458e-02 5.556122e-02 -5.300703e-02 5.062500e-02 -4.840000e-02 4.631853e-02 -4.436849e-02 4.253906e-02 -4.082049e-02 3.920400e-02 -3.768166e-02 3.624630e-02 -3.489142e-02 3.361111e-02 -3.240000e-02 3.125319e-02 -3.016620e-02 2.913496e-02 -2.815570e-02 2.722500e-02 -2.633969e-02 2.549688e-02 -2.469388e-02 2.392822e-02 -2.319763e-02 2.250000e-02 -2.183337e-02 2.119593e-02 -2.058601e-02 2.000204e-02 -1.944257e-02 1.890625e-02 -1.839182e-02 1.789810e-02 -1.742400e-02 1.696849e-02 -1.653061e-02 1.610947e-02 -1.570421e-02 1.531406e-02 -1.493827e-02 1.457615e-02 
3.025000e-01 -3.391349e-01 3.828516e-01 -4.356000e-01 5.000510e-01 -5.799408e-01 6.806250e-01 -8.100000e-01 9.801000e-01 -1.210000e+00 1.531406e+00 -2.000204e+00 2.722500e+00 -3.920400e+00 6.125625e+00 -1.089000e+01 2.450250e+01 -9.801000e+01 1.628729e+02 -9.801000e+01 2.450250e+01 -1.089000e+01 6.125625e+00 -3.920400e+00 2.722500e+00 -2.000204e+00 1.531406e+00 -1.210000e+00 9.801000e-01 -8.100000e-01 6.806250e-01 -5.799408e-01 5.000510e-01 -4.356000e-01 3.828516e-01 -3.391349e-01 3.025000e-01 -2.714958e-01 2.450250e-01 -2.222449e-01 2.025000e-01 -1.852741e-01 1.701563e-01 -1.568160e-01 1.449852e-01 -1.344444e-01 1.250128e-01 -1.165398e-01 1.089000e-01 -1.019875e-01 9.571289e-02 -9.000000e-02 8.478374e-02 -8.000816e-02 7.562500e-02 -7.159240e-02 6.787396e-02 -6.443787e-02 6.125625e-02 -5.830458e-02 5.556122e-02 -5.300703e-02 5.062500e-02 -4.840000e-02 4.631853e-02 -4.436849e-02 4.253906e-02 -4.082049e-02 3.920400e-02 -3.768166e-02 3.624630e-02 -3.489142e-02 3.361111e-02 -3.240000e-02 3.125319e-02 -3.016620e-02 2.913496e-02 -2.815570e-02 2.722500e-02 -2.633969e-02 2.549688e-02 -2.469388e-02 2.392822e-02 -2.319763e-02 2.250000e-02 -2.183337e-02 2.119593e-02 -2.058601e-02 2.000204e-02 -1.944257e-02 1.890625e-02 -1.839182e-02 1.789810e-02 -1.742400e-02 1.696849e-02 -1.653061e-02 1.610947e-02 -1.570421e-02 1.531406e-02 -1.493827e-02 
-2.714958e-01 3.025000e-01 -3.391349e-01 3.828516e-01 -4.356000e-01 5.000510e-01 -5.799408e-01 6.806250e-01 -8.100000e-01 9.801000e-01 -1.210000e+00 1.531406e+00 -2.000204e+00 2.722500e+00 -3.920400e+00 6.125625e+00 -1.089000e+01 2.450250e+01 -9.801000e+01 1.630616e+02 -9.801000e+01 2.450250e+01 -1.089000e+01 6.125625e+00 -3.920400e+00 2.722500e+00 -2.000204e+00 1.531406e+00 -1.210000e+00 9.801000e-01 -8.100000e-01 6.806250e-01 -5.799408e-01 5.000510e-01 -4.356000e-01 3.828516e-01 -3.391349e-01 3.025000e-01 -2.714958e-01 2.450250e-01 -2.222449e-01 2.025000e-01 -1.852741e-01 1.701563e-01 -1.568160e-01 1.449852e-01 -1.344444e-01 1.250128e-01 -1.165398e-01 1.089000e-01 -1.019875e-01 9.571289e-02 -9.000000e-02 8.478374e-02 -8.000816e-02 7.562500e-02 -7.159240e-02 6.787396e-02 -6.443787e-02 6.125625e-02 -5.830458e-02 5.556122e-02 -5.300703e-02 5.062500e-02 -4.840000e-02 4.631853e-02 -4.436849e-02 4.253906e-02 -4.082049e-02 3.920400e-02 -3.768166e-02 3.624630e-02 -3.489142e-02 3.361111e-02 -3.240000e-02 3.125319e-02 -3.016620e-02 2.913496e-02 -2.815570e-02 2.722500e-02 -2.633969e-02 2.549688e-02 -2.469388e-02 2.392822e-02 -2.319763e-02 2.250000e-02 -2.183337e-02 2.119593e-02 -2.058601e-02 2.000204e-02 -1.944257e-02 1.890625e-02 -1.839182e-02 1.789810e-02 -1.742400e-02 1.696849e-02 -1.653061e-02 1.610947e-02 -1.570421e-02 1.531406e-02 
2.450250e-01 -2.714958e-01 3.025000e-01 -3.391349e-01 3.828516e-01 -4.356000e-01 5.000510e-01 -5.799408e-01 6.806250e-01 -8.100000e-01 9.801000e-01 -1.210000e+00 1.531406e+00 -2.000204e+00 2.722500e+00 -3.920400e+00 6.125625e+00 -1.089000e+01 2.450250e+01 -9.801000e+01 1.632606e+02 -9.801000e+01 2.450250e+01 -1.089000e+01 6.125625e+00 -3.920400e+00 2.722500e+00 -2.000204e+00 1.531406e+00 -1.210000e+00 9.801000e-01 -8.100000e-01 6.806250e-01 -5.799408e-01 5.000510e-01 -4.356000e-01 3.828516e-01 -3.391349e-01 3.025000e-01 -2.714958e-01 2.450250e-01 -2.222449e-01 2.025000e-01 -1.852741e-01 1.701563e-01 -1.568160e-01 1.449852e-01 -1.344444e-01 1.250128e-01 -1.165398e-01 1.089000e-01 -1.019875e-01 9.571289e-02 -9.000000e-02 8.478374e-02 -8.000816e-02 7.562500e-02 -7.159240e-02 6.787396e-02 -6.443787e-02 6.125625e-02 -5.830458e-02 5.556122e-02 -5.300703e-02 5.062500e-02 -4.840000e-02 4.631853e-02 -4.436849e-02 4.253906e-02 -4.082049e-02 3.920400e-02 -3.768166e-02 3.624630e-02 -3.489142e-02 3.361111e-02 -3.240000e-02 3.125319e-02 -3.016620e-02 2.913496e-02 -2.815570e-02 2.722500e-02 -2.633969e-02 2.549688e-02 -2.469388e-02 2.392822e-02 -2.319763e-02 2.250000e-02 -2.183337e-02 2.119593e-02 -2.058601e-02 2.000204e-02 -1.944257e-02 1.890625e-02 -1.839182e-02 1.789810e-02 -1.742400e-02 1.696849e-02 -1.653061e-02 1.610947e-02 -1.570421e-02 
-2.222449e-01 2.450250e-01 -2.714958e-01 3.025000e-01 -3.391349e-01 3.828516e-01 -4.356000e-01 5.000510e-01 -5.799408e-01 6.806250e-01 -8.100000e-01 9.801000e-01 -1.210000e+00 1.531406e+00 -2.000204e+00 2.722500e+00 -3.920400e+00 6.125625e+00 -1.089000e+01 2.450250e+01 -9.801000e+01 1.634698e+02 -9.801000e+01 2.450250e+01 -1.089000e+01 6.125625e+00 -3.920400e+00 2.722500e+00 -2.000204e+00 1.531406e+00 -1.210000e+00 9.801000e-01 -8.100000e-01 6.806250e-01 -5.799408e-01 5.000510e-01 -4.356000e-01 3.828516e-01 -3.391349e-01 3.025000e-01 -2.714958e-01 2.450250e-01 -2.222449e-01 2.025000e-01 -1.852741e-01 1.701563e-01 -1.568160e-01 1.449852e-01 -1.344444e-01 1.250128e-01 -1.165398e-01 1.089000e-01 -1.019875e-01 9.571289e-02 -9.000000e-02 8.478374e-02 -8.000816e-02 7.562500e-02 -7.159240e-02 6.787396e-02 -6.443787e-02 6.125625e-02 -5.830458e-02 5.556122e-02 -5.300703e-02 5.062500e-02 -4.840000e-02 4.631853e-02 -4.436849e-02 4.253906e-02 -4.082049e-02 3.920400e-02 -3.768166e-02 3.624630e-02 -3.489142e-02 3.361111e-02 -3.240000e-02 3.125319e-02 -3.016620e-02 2.913496e-02 -2.815570e-02 2.722500e-02 -2.633969e-02 2.549688e-02 -2.469388e-02 2.392822e-02 -2.319763e-02 2.250000e-02 -2.183337e-02 2.119593e-02 -2.058601e-02 2.000204e-02 -1.944257e-02 1.890625e-02 -1.839182e-02 1.789810e-02 -1.742400e-02 1.696849e-02 -1.653061e-02 1.610947e-02 
2.025000e-01 -2.222449e-01 2.450250e-01 -2.714958e-01 3.025000e-01 -3.391349e-01 3.828516e-01 -4.356000e-01 5.000510e-01 -5.799408e-01 6.806250e-01 -8.100000e-01 9.801000e-01 -1.210000e+00 1.531406e+00 -2.000204e+00 2.722500e+00 -3.920400e+00 6.125625e+00 -1.089000e+01 2.450250e+01 -9.801000e+01 1.636891e+02 -9.801000e+01 2.450250e+01 -1.089000e+01 6.125625e+00 -3.920400e+00 2.722500e+00 -2.000204e+00 1.531406e+00 -1.210000e+00 9.801000e-01 -8.100000e-01 6.806250e-01 -5.799408e-01 5.000510e-01 -4.356000e-01 3.828516e-01 -3.391349e-01 3.025000e-01 -2.714958e-01 2.450250e-01 -2.222449e-01 2.025000e-01 -1.852741e-01 1.701563e-01 -1.568160e-01 1.449852e-01 -1.344444e-01 1.250128e-01 -1.165398e-01 1.089000e-01 -1.019875e-01 9.571289e-02 -9.000000e-02 8.478374e-02 -8.000816e-02 7.562500e-02 -7.159240e-02 6.787396e-02 -6.443787e-02 6.125625e-02 -5.830458e-02 5.556122e-02 -5.300703e-02 5.062500e-02 -4.840000e-02 4.631853e-02 -4.436849e-02 4.253906e-02 -4.082049e-02 3.920400e-02 -3.768166e-02 3.624630e-02 -3.489142e-02 3.361111e-02 -3.240000e-02 3.125319e-02 -3.016620e-02 2.913496e-02 -2.815570e-02 2.722500e-02 -2.633969e-02 2.549688e-02 -2.469388e-02 2.392822e-02 -2.319763e-02 2.250000e-02 -2.183337e-02 2.119593e-02 -2.058601e-02 2.000204e-02 -1.944257e-02 1.890625e-02 -1.839182e-02 1.789810e-02 -1.742400e-02 1.696849e-02 -1.653061e-02 
-1.852741e-01 2.025000e-01 -2.222449e-01 2.450250e-01 -2.714958e-01 3.025000e-01 -3.391349e-01 3.828516e-01 -4.356000e-01 5.000510e-01 -5.799408e-01 6.806250e-01 -8.100000e-01 9.801000e-01 -1.210000e+00 1.531406e+00 -2.000204e+00 2.722500e+00 -3.920400e+00 6.125625e+00 -1.089000e+01 2.450250e+01 -9.801000e+01 1.639187e+02 -9.801000e+01 2.450250e+01 -1.089000e+01 6.125625e+00 -3.920400e+00 2.722500e+00 -2.000204e+00 1.531406e+00 -1.210000e+00 9.801000e-01 -8.100000e-01 6.806250e-01 -5.799408e-01 5.000510e-01 -4.356000e-01 3.828516e-01 -3.391349e-01 3.025000e-01 -2.714958e-01 2.450250e-01 -2.222449e-01 2.025000e-01 -1.852741e-01 1.701563e-01 -1.568160e-01 1.449852e-01 -1.344444e-01 1.250128e-01 -1.165398e-01 1.089000e-01 -1.019875e-01 9.571289e-02 -9.000000e-02 8.478374e-02 -8.000816e-02 7.562500e-02 -7.159240e-02 6.787396e-02 -6.443787e-02 6.125625e-02 -5.830458e-02 5.556122e-02 -5.300703e-02 5.062500e-02 -4.840000e-02 4.631853e-02 -4.436849e-02 4.253906e-02 -4.082049e-02 3.920400e-02 -3.768166e-02 3.624630e-02 -3.489142e-02 3.361111e-02 -3.240000e-02 3.125319e-02 -3.016620e-02 2.913496e-02 -2.815570e-02 2.722500e-02 -2.633969e-02 2.549688e-02 -2.469388e-02 2.392822e-02 -2.319763e-02 2.250000e-02 -2.183337e-02 2.119593e-02 -2.058601e-02 2.000204e-02 -1.944257e-02 1.890625e-02 -1.839182e-02 1.789810e-02 -1.742400e-02 1.696849e-02 
1.701563e-01 -1.852741e-01 2.025000e-01 -2.222449e-01 2.450250e-01 -2.714958e-01 3.025000e-01 -3.391349e-01 3.828516e-01 -4.356000e-01 5.000510e-01 -5.799408e-01 6.806250e-01 -8.100000e-01 9.801000e-01 -1.210000e+00 1.531406e+00 -2.000204e+00 2.722500e+00 -3.920400e+00 6.125625e+00 -1.089000e+01 2.450250e+01 -9.801000e+01 1.641585e+02 -9.801000e+01 2.450250e+01 -1.089000e+01 6.125625e+00 -3.920400e+00 2.722500e+00 -2.000204e+00 1.531406e+00 -1.210000e+00 9.801000e-01 -8.100000e-01 6.806250e-01 -5.799408e-01 5.000510e-01 -4.356000e-01 3.828516e-01 -3.391349e-01 3.025000e-01 -2.714958e-01 2.450250e-01 -2.222449e-01 2.025000e-01 -1.852741e-01 1.701563e-01 -1.568160e-01 1.449852e-01 -1.344444e-01 1.250128e-01 -1.165398e-01 1.089000e-01 -1.019875e-01 9.571289e-02 -9.000000e-02 8.478374e-02 -8.000816e-02 7.562500e-02 -7.159240e-02 6.787396e-02 -6.443787e-02 6.125625e-02 -5.830458e-02 5.556122e-02 -5.300703e-02 5.062500e-02 -4.840000e-02 4.631853e-02 -4.436849e-02 4.253906e-02 -4.082049e-02 3.920400e-02 -3.768166e-02 3.624630e-02 -3.489142e-02 3.361111e-02 -3.240000e-02 3.125319e-02 -3.016620e-02 2.913496e-02 -2.815570e-02 2.722500e-02 -2.633969e-02 2.549688e-02 -2.469388e-02 2.392822e-02 -2.319763e-02 2.250000e-02 -2.183337e-02 2.119593e-02 -2.058601e-02 2.000204e-02 -1.944257e-02 1.890625e-02 -1.839182e-02 1.789810e-02 -1.742400e-02 
-1.568160e-01 1.701563e-01 -1.852741e-01 2.025000e-01 -2.222449e-01 2.450250e-01 -2.714958e-01 3.025000e-01 -3.391349e-01 3.828516e-01 -4.356000e-01 5.000510e-01 -5.799408e-01 6.806250e-01 -8.100000e-01 9.801000e-01 -1.210000e+00 1.531406e+00 -2.000204e+00 2.722500e+00 -3.920400e+00 6.125625e+00 -1.089000e+01 2.450250e+01 -9.801000e+01 1.644084e+02 -9.801000e+01 2.450250e+01 -1.089000e+01 6.125625e+00 -3.920400e+00 2.722500e+00 -2.000204e+00 1.531406e+00 -1.210000e+00 9.801000e-01 -8.100000e-01 6.806250e-01 -5.799408e-01 5.000510e-01 -4.356000e-01 3.828516e-01 -3.391349e-01 3.025000e-01 -2.714958e-01 2.450250e-01 -2.222449e-01 2.025000e-01 -1.852741e-01 1.701563e-01 -1.568160e-01 1.449852e-01 -1.344444e-01 1.250128e-01 -1.165398e-01 1.089000e-01 -1.019875e-01 9.571289e-02 -9.000000e-02 8.478374e-02 -8.000816e-02 7.562500e-02 -7.159240e-02 6.787396e-02 -6.443787e-02 6.125625e-02 -5.830458e-02 5.556122e-02 -5.300703e-02 5.062500e-02 -4.840000e-02 4.631853e-02 -4.436849e-02 4.253906e-02 -4.082049e-02 3.920400e-02 -3.768166e-02 3.624630e-02 -3.489142e-02 3.361111e-02 -3.240000e-02 3.125319e-02 -3.016620e-02 2.913496e-02 -2.815570e-02 2.722500e-02 -2.633969e-02 2.549688e-02 -2.469388e-02 2.392822e-02 -2.319763e-02 2.250000e-02 -2.183337e-02 2.119593e-02 -2.058601e-02 2.000204e-02 -1.944257e-02 1.890625e-02 -1.839182e-02 1.789810e-02 
1.449852e-01 -1.568160e-01 1.701563e-01 -1.852741e-01 2.025000e-01 -2.222449e-01 2.450250e-01 -2.714958e-01 3.025000e-01 -3.391349e-01 3.828516e-01 -4.356000e-01 5.000510e-01 -5.799408e-01 6.806250e-01 -8.100000e-01 9.801000e-01 -1.210000e+00 1.531406e+00 -2.000204e+00 2.722500e+00 -3.920400e+00 6.125625e+00 -1.089000e+01 2.450250e+01 -9.801000e+01 1.646686e+02 -9.801000e+01 2.450250e+01 -1.089000e+01 6.125625e+00 -3.920400e+00 2.722500e+00 -2.000204e+00 1.531406e+00 -1.210000e+00 9.801000e-01 -8.100000e-01 6.806250e-01 -5.799408e-01 5.000510e-01 -4.356000e-01 3.828516e-01 -3.391349e-01 3.025000e-01 -2.714958e-01 2.450250e-01 -2.222449e-01 2.025000e-01 -1.852741e-01 1.701563e-01 -1.568160e-01 1.449852e-01 -1.344444e-01 1.250128e-01 -1.165398e-01 1.089000e-01 -1.019875e-01 9.571289e-02 -9.000000e-02 8.478374e-02 -8.000816e-02 7.562500e-02 -7.159240e-02 6.787396e-02 -6.443787e-02 6.125625e-02 -5.830458e-02 5.556122e-02 -5.300703e-02 5.062500e-02 -4.840000e-02 4.631853e-02 -4.436849e-02 4.253906e-02 -4.082049e-02 3.920400e-02 -3.768166e-02 3.624630e-02 -3.489142e-02 3.361111e-02 -3.240000e-02 3.125319e-02 -3.016620e-02 2.913496e-02 -2.815570e-02 2.722500e-02 -2.633969e-02 2.549688e-02 -2.469388e-02 2.392822e-02 -2.319763e-02 2.250000e-02 -2.183337e-02 2.119593e-02 -2.058601e-02 2.000204e-02 -1.944257e-02 1.890625e-02 -1.839182e-02 
-1.344444e-01 1.449852e-01 -1.568160e-01 1.701563e-01 -1.852741e-01 2.025000e-01 -2.222449e-01 2.450250e-01 -2.714958e-01 3.025000e-01 -3.391349e-01 3.828516e-01 -4.356000e-01 5.000510e-01 -5.799408e-01 6.806250e-01 -8.100000e-01 9.801000e-01 -1.210000e+00 1.531406e+00 -2.000204e+00 2.722500e+00 -3.920400e+00 6.125625e+00 -1.089000e+01 2.450250e+01 -9.801000e+01 1.649390e+02 -9.801000e+01 2.450250e+01 -1.089000e+01 6.125625e+00 -3.920400e+00 2.722500e+00 -2.000204e+00 1.531406e+00 -1.210000e+00 9.801000e-01 -8.100000e-01 6.806250e-01 -5.799408e-01 5.000510e-01 -4.356000e-01 3.828516e-01 -3.391349e-01 3.025000e-01 -2.714958e-01 2.450250e-01 -2.222449e-01 2.025000e-01 -1.852741e-01 1.701563e-01 -1.568160e-01 1.449852e-01 -1.344444e-01 1.250128e-01 -1.165398e-01 1.089000e-01 -1.019875e-01 9.571289e-02 -9.000000e-02 8.478374e-02 -8.000816e-02 7.562500e-02 -7.159240e-02 6.787396e-02 -6.443787e-02 6.125625e-02 -5.830458e-02 5.556122e-02 -5.300703e-02 5.062500e-02 -4.840000e-02 4.631853e-02 -4.436849e-02 4.253906e-02 -4.082049e-02 3.920400e-02 -3.768166e-02 3.624630e-02 -3.489142e-02 3.361111e-02 -3.240000e-02 3.125319e-02 -3.016620e-02 2.913496e-02 -2.815570e-02 2.722500e-02 -2.633969e-02 2.549688e-02 -2.469388e-02 2.392822e-02 -2.319763e-02 2.250000e-02 -2.183337e-02 2.119593e-02 -2.058601e-02 2.000204e-02 -1.944257e-02 1.890625e-02 
1.250128e-01 -1.344444e-01 1.449852e-01 -1.568160e-01 1.701563e-01 -1.852741e-01 2.025000e-01 -2.222449e-01 2.450250e-01 -2.714958e-01 3.025000e-01 -3.391349e-01 3.828516e-01 -4.356000e-01 5.000510e-01 -5.799408e-01 6.806250e-01 -8.100000e-01 9.801000e-01 -1.210000e+00 1.531406e+00 -2.000204e+00 2.722500e+00 -3.920400e+00 6.125625e+00 -1.089000e+01 2.450250e+01 -9.801000e+01 1.652196e+02 -9.801000e+01 2.450250e+01 -1.089000e+01 6.125625e+00 -3.920400e+00 2.722500e+00 -2.000204e+00 1.531406e+00 -1.210000e+00 9.801000e-01 -8.100000e-01 6.806250e-01 -5.799408e-01 5.000510e-01 -4.356000e-01 3.828516e-01 -3.391349e-01 3.025000e-01 -2.714958e-01 2.450250e-01 -2.222449e-01 2.025000e-01 -1.852741e-01 1.701563e-01 -1.568160e-01 1.449852e-01 -1.344444e-01 1.250128e-01 -1.165398e-01 1.089000e-01 -1.019875e-01 9.571289e-02 -9.000000e-02 8.478374e-02 -8.000816e-02 7.562500e-02 -7.159240e-02 6.787396e-02 -6.443787e-02 6.125625e-02 -5.830458e-02 5.556122e-02 -5.300703e-02 5.062500e-02 -4.840000e-02 4.631853e-02 -4.436849e-02 4.253906e-02 -4.082049e-02 3.920400e-02 -3.768166e-02 3.624630e-02 -3.489142e-02 3.361111e-02 -3.240000e-02 3.125319e-02 -3.016620e-02 2.913496e-02 -2.815570e-02 2.722500e-02 -2.633969e-02 2.549688e-02 -2.469388e-02 2.392822e-02 -2.319763e-02 2.250000e-02 -2.183337e-02 2.119593e-02 -2.058601e-02 2.000204e-02 -1.944257e-02 
-1.165398e-01 1.250128e-01 -1.344444e-01 1.449852e-01 -1.568160e-01 1.701563e-01 -1.852741e-01 2.025000e-01 -2.222449e-01 2.450250e-01 -2.714958e-01 3.025000e-01 -3.391349e-01 3.828516e-01 -4.356000e-01 5.000510e-01 -5.799408e-01 6.806250e-01 -8.100000e-01 9.801000e-01 -1.210000e+00 1.531406e+00 -2.000204e+00 2.722500e+00 -3.920400e+00 6.125625e+00 -1.089000e+01 2.450250e+01 -9.801000e+01 1.655104e+02 -9.801000e+01 2.450250e+01 -1.089000e+01 6.125625e+00 -3.920400e+00 2.722500e+00 -2.000204e+00 1.531406e+00 -1.210000e+00 9.801000e-01 -8.100000e-01 6.806250e-01 -5.799408e-01 5.000510e-01 -4.356000e-01 3.828516e-01 -3.391349e-01 3.025000e-01 -2.714958e-01 2.450250e-01 -2.222449e-01 2.025000e-01 -1.852741e-01 1.701563e-01 -1.568160e-01 1.449852e-01 -1.344444e-01 1.250128e-01 -1.165398e-01 1.089000e-01 -1.019875e-01 9.571289e-02 -9.000000e-02 8.478374e-02 -8.000816e-02 7.562500e-02 -7.159240e-02 6.787396e-02 -6.443787e-02 6.125625e-02 -5.830458e-02 5.556122e-02 -5.300703e-02 5.062500e-02 -4.840000e-02 4.631853e-02 -4.436849e-02 4.253906e-02 -4.082049e-02 3.920400e-02 -3.768166e-02 3.624630e-02 -3.489142e-02 3.361111e-02 -3.240000e-02 3.125319e-02 -3.016620e-02 2.913496e-02 -2.815570e-02 2.722500e-02 -2.633969e-02 2.549688e-02 -2.469388e-02 2.392822e-02 -2.319763e-02 2.250000e-02 -2.183337e-02 2.119593e-02 -2.058601e-02 2.000204e-02 
1.089000e-01 -1.165398e-01 1.250128e-01 -1.344444e-01 1.449852e-01 -1.568160e-01 1.701563e-01 -1.852741e-01 2.025000e-01 -2.222449e-01 2.450250e-01 -2.714958e-01 3.025000e-01 -3.391349e-01 3.828516e-01 -4.356000e-01 5.000510e-01 -5.799408e-01 6.806250e-01 -8.100000e-01 9.801000e-01 -1.210000e+00 1.531406e+00 -2.000204e+00 2.722500e+00 -3.920400e+00 6.125625e+00 -1.089000e+01 2.450250e+01 -9.801000e+01 1.658114e+02 -9.801000e+01 2.450250e+01 -1.089000e+01 6.125625e+00 -3.920400e+00 2.722500e+00 -2.000204e+00 1.531406e+00 -1.210000e+00 9.801000e-01 -8.100000e-01 6.806250e-01 -5.799408e-01 5.000510e-01 -4.356000e-01 3.828516e-01 -3.391349e-01 3.025000e-01 -2.714958e-01 2.450250e-01 -2.222449e-01 2.025000e-01 -1.852741e-01 1.701563e-01 -1.568160e-01 1.449852e-01 -1.344444e-01 1.250128e-01 -1.165398e-01 1.089000e-01 -1.019875e-01 9.571289e-02 -9.000000e-02 8.478374e-02 -8.000816e-02 7.562500e-02 -7.159240e-02 6.787396e-02 -6.443787e-02 6.125625e-02 -5.830458e-02 5.556122e-02 -5.300703e-02 5.062500e-02 -4.840000e-02 4.631853e-02 -4.436849e-02 4.253906e-02 -4.082049e-02 3.920400e-02 -3.768166e-02 3.624630e-02 -3.489142e-02 3.361111e-02 -3.240000e-02 3.125319e-02 -3.016620e-02 2.913496e-02 -2.815570e-02 2.722500e-02 -2.633969e-02 2.549688e-02 -2.469388e-02 2.392822e-02 -2.319763e-02 2.250000e-02 -2.183337e-02 2.119593e-02 -2.058601e-02 
-1.019875e-01 1.089000e-01 -1.165398e-01 1.250128e-01 -1.344444e-01 1.449852e-01 -1.568160e-01 1.701563e-01 -1.852741e-01 2.025000e-01 -2.222449e-01 2.450250e-01 -2.714958e-01 3.025000e-01 -3.391349e-01 3.828516e-01 -4.356000e-01 5.000510e-01 -5.799408e-01 6.806250e-01 -8.100000e-01 9.801000e-01 -1.210000e+00 1.531406e+00 -2.000204e+00 2.722500e+00 -3.920400e+00 6.125625e+00 -1.089000e+01 2.450250e+01 -9.801000e+01 1.661225e+02 -9.801000e+01 2.450250e+01 -1.089000e+01 6.125625e+00 -3.920400e+00 2.722500e+00 -2.000204e+00 1.531406e+00 -1.210000e+00 9.801000e-01 -8.100000e-01 6.806250e-01 -5.799408e-01 5.000510e-01 -4.356000e-01 3.828516e-01 -3.391349e-01 3.025000e-01 -2.714958e-01 2.450250e-01 -2.222449e-01 2.025000e-01 -1.852741e-01 1.701563e-01 -1.568160e-01 1.449852e-01 -1.344444e-01 1.250128e-01 -1.165398e-01 1.089000e-01 -1.019875e-01 9.571289e-02 -9.000000e-02 8.478374e-02 -8.000816e-02 7.562500e-02 -7.159240e-02 6.787396e-02 -6.443787e-02 6.125625e-02 -5.830458e-02 5.556122e-02 -5.300703e-02 5.062500e-02 -4.840000e-02 4.631853e-02 -4.436849e-02 4.253906e-02 -4.082049e-02 3.920400e-02 -3.768166e-02 3.624630e-02 -3.489142e-02 3.361111e-02 -3.240000e-02 3.125319e-02 -3.016620e-02 2.913496e-02 -2.815570e-02 2.722500e-02 -2.633969e-02 2.549688e-02 -2.469388e-02 2.392822e-02 -2.319763e-02 2.250000e-02 -2.183337e-02 2.119593e-02 
9.571289e-02 -1.019875e-01 1.089000e-01 -1.165398e-01 1.250128e-01 -1.344444e-01 1.449852e-01 -1.568160e-01 1.701563e-01 -1.852741e-01 2.025000e-01 -2.222449e-01 2.450250e-01 -2.714958e-01 3.025000e-01 -3.391349e-01 3.828516e-01 -4.356000e-01 5.000510e-01 -5.799408e-01 6.806250e-01 -8.100000e-01 9.801000e-01 -1.210000e+00 1.531406e+00 -2.000204e+00 2.722500e+00 -3.920400e+00 6.125625e+00 -1.089000e+01 2.450250e+01 -9.801000e+01 1.664439e+02 -9.801000e+01 2.450250e+01 -1.089000e+01 6.125625e+00 -3.920400e+00 2.722500e+00 -2.000204e+00 1.531406e+00 -1.210000e+00 9.801000e-01 -8.100000e-01 6.806250e-01 -5.799408e-01 5.000510e-01 -4.356000e-01 3.828516e-01 -3.391349e-01 3.025000e-01 -2.714958e-01 2.450250e-01 -2.222449e-01 2.025000e-01 -1.852741e-01 1.701563e-01 -1.568160e-01 1.449852e-01 -1.344444e-01 1.250128e-01 -1.165398e-01 1.089000e-01 -1.019875e-01 9.571289e-02 -9.000000e-02 8.478374e-02 -8.000816e-02 7.562500e-02 -7.159240e-02 6.787396e-02 -6.443787e-02 6.125625e-02 -5.830458e-02 5.556122e-02 -5.300703e-02 5.062500e-02 -4.840000e-02 4.631853e-02 -4.436849e-02 4.253906e-02 -4.082049e-02 3.920400e-02 -3.768166e-02 3.624630e-02 -3.489142e-02 3.361111e-02 -3.240000e-02 3.125319e-02 -3.016620e-02 2.913496e-02 -2.815570e-02 2.722500e-02 -2.633969e-02 2.549688e-02 -2.469388e-02 2.392822e-02 -2.319763e-02 2.250000e-02 -2.183337e-02 
-9.000000e-02 9.571289e-02 -1.019875e-01 1.089000e-01 -1.165398e-01 1.250128e-01 -1.344444e-01 1.449852e-01 -1.568160e-01 1.701563e-01 -1.852741e-01 2.025000e-01 -2.222449e-01 2.450250e-01 -2.714958e-01 3.025000e-01 -3.391349e-01 3.828516e-01 -4.356000e-01 5.000510e-01 -5.799408e-01 6.806250e-01 -8.100000e-01 9.801000e-01 -1.210000e+00 1.531406e+00 -2.000204e+00 2.722500e+00 -3.920400e+00 6.125625e+00 -1.089000e+01 2.450250e+01 -9.801000e+01 1.667755e+02 -9.801000e+01 2.450250e+01 -1.089000e+01 6.125625e+00 -3.920400e+00 2.722500e+00 -2.000204e+00 1.531406e+00 -1.210000e+00 9.801000e-01 -8.100000e-01 6.806250e-01 -5.799408e-01 5.000510e-01 -4.356000e-01 3.828516e-01 -3.391349e-01 3.025000e-01 -2.714958e-01 2.450250e-01 -2.222449e-01 2.025000e-01 -1.852741e-01 1.701563e-01 -1.568160e-01 1.449852e-01 -1.344444e-01 1.250128e-01 -1.165398e-01 1.089000e-01 -1.019875e-01 9.571289e-02 -9.000000e-02 8.478374e-02 -8.000816e-02 7.562500e-02 -7.159240e-02 6.787396e-02 -6.443787e-02 6.125625e-02 -5.830458e-02 5.556122e-02 -5.300703e-02 5.062500e-02 -4.840000e-02 4.631853e-02 -4.436849e-02 4.253906e-02 -4.082049e-02 3.920400e-02 -3.768166e-02 3.624630e-02 -3.489142e-02 3.361111e-02 -3.240000e-02 3.125319e-02 -3.016620e-02 2.913496e-02 -2.815570e-02 2.722500e-02 -2.633969e-02 2.549688e-02 -2.469388e-02 2.392822e-02 -2.319763e-02 2.250000e-02 
8.478374e-02 -9.000000e-02 9.571289e-02 -1.019875e-01 1.089000e-01 -1.165398e-01 1.250128e-01 -1.344444e-01 1.449852e-01 -1.568160e-01 1.701563e-01 -1.852741e-01 2.025000e-01 -2.222449e-01 2.450250e-01 -2.714958e-01 3.025000e-01 -3.391349e-01 3.828516e-01 -4.356000e-01 5.000510e-01 -5.799408e-01 6.806250e-01 -8.100000e-01 9.801000e-01 -1.210000e+00 1.531406e+00 -2.000204e+00 2.722500e+00 -3.920400e+00 6.125625e+00 -1.089000e+01 2.450250e+01 -9.801000e+01 1.671173e+02 -9.801000e+01 2.450250e+01 -1.089000e+01 6.125625e+00 -3.920400e+00 2.722500e+00 -2.000204e+00 1.531406e+00 -1.210000e+00 9.801000e-01 -8.100000e-01 6.806250e-01 -5.799408e-01 5.000510e-01 -4.356000e-01 3.828516e-01 -3.391349e-01 3.025000e-01 -2.714958e-01 2.450250e-01 -2.222449e-01 2.025000e-01 -1.852741e-01 1.701563e-01 -1.568160e-01 1.449852e-01 -1.344444e-01 1.250128e-01 -1.165398e-01 1.089000e-01 -1.019875e-01 9.571289e-02 -9.000000e-02 8.478374e-02 -8.000816e-02 7.562500e-02 -7.159240e-02 6.787396e-02 -6.443787e-02 6.125625e-02 -5.830458e-02 5.556122e-02 -5.300703e-02 5.062500e-02 -4.840000e-02 4.631853e-02 -4.436849e-02 4.253906e-02 -4.082049e-02 3.920400e-02 -3.768166e-02 3.624630e-02 -3.489142e-02 3.361111e-02 -3.240000e-02 3.125319e-02 -3.016620e-02 2.913496e-02 -2.815570e-02 2.722500e-02 -2.633969e-02 2.549688e-02 -2.469388e-02 2.392822e-02 -2.319763e-02 
-8.000816e-02 8.478374e-02 -9.000000e-02 9.571289e-02 -1.019875e-01 1.089000e-01 -1.165398e-01 1.250128e-01 -1.344444e-01 1.449852e-01 -1.568160e-01 1.701563e-01 -1.852741e-01 2.025000e-01 -2.222449e-01 2.450250e-01 -2.714958e-01 3.025000e-01 -3.391349e-01 3.828516e-01 -4.356000e-01 5.000510e-01 -5.799408e-01 6.806250e-01 -8.100000e-01 9.801000e-01 -1.210000e+00 1.531406e+00 -2.000204e+00 2.722500e+00 -3.920400e+00 6.125625e+00 -1.089000e+01 2.450250e+01 -9.801000e+01 1.674694e+02 -9.801000e+01 2.450250e+01 -1.089000e+01 6.125625e+00 -3.920400e+00 2.722500e+00 -2.000204e+00 1.531406e+00 -1.210000e+00 9.801000e-01 -8.100000e-01 6.806250e-01 -5.799408e-01 5.000510e-01 -4.356000e-01 3.828516e-01 -3.391349e-01 3.025000e-01 -2.714958e-01 2.450250e-01 -2.222449e-01 2.025000e-01 -1.852741e-01 1.701563e-01 -1.568160e-01 1.449852e-01 -1.344444e-01 1.250128e-01 -1.165398e-01 1.089000e-01 -1.019875e-01 9.571289e-02 -9.000000e-02 8.478374e-02 -8.000816e-02 7.562500e-02 -7.159240e-02 6.787396e-02 -6.443787e-02 6.125625e-02 -5.830458e-02 5.556122e-02 -5.300703e-02 5.062500e-02 -4.840000e-02 4.631853e-02 -4.436849e-02 4.253906e-02 -4.082049e-02 3.920400e-02 -3.768166e-02 3.624630e-02 -3.489142e-02 3.361111e-02 -3.240000e-02 3.125319e-02 -3.016620e-02 2.913496e-02 -2.815570e-02 2.722500e-02 -2.633969e-02 2.549688e-02 -2.469388e-02 2.392822e-02 
7.562500e-02 -8.000816e-02 8.478374e-02 -9.000000e-02 9.571289e-02 -1.019875e-01 1.089000e-01 -1.165398e-01 1.250128e-01 -1.344444e-01 1.449852e-01 -1.568160e-01 1.701563e-01 -1.852741e-01 2.025000e-01 -2.222449e-01 2.450250e-01 -2.714958e-01 3.025000e-01 -3.391349e-01 3.828516e-01 -4.356000e-01 5.000510e-01 -5.799408e-01 6.806250e-01 -8.100000e-01 9.801000e-01 -1.210000e+00 1.531406e+00 -2.000204e+00 2.722500e+00 -3.920400e+00 6.125625e+00 -1.089000e+01 2.450250e+01 -9.801000e+01 1.678316e+02 -9.801000e+01 2.450250e+01 -1.089000e+01 6.125625e+00 -3.920400e+00 2.722500e+00 -2.000204e+00 1.531406e+00 -1.210000e+00 9.801000e-01 -8.100000e-01 6.806250e-01 -5.799408e-01 5.000510e-01 -4.356000e-01 3.828516e-01 -3.391349e-01 3.025000e-01 -2.714958e-01 2.450250e-01 -2.222449e-01 2.025000e-01 -1.852741e-01 1.701563e-01 -1.568160e-01 1.449852e-01 -1.344444e-01 1.250128e-01 -1.165398e-01 1.089000e-01 -1.019875e-01 9.571289e-02 -9.000000e-02 8.478374e-02 -8.000816e-02 7.562500e-02 -7.159240e-02 6.787396e-02 -6.443787e-02 6.125625e-02 -5.830458e-02 5.556122e-02 -5.300703e-02 5.062500e-02 -4.840000e-02 4.631853e-02 -4.436849e-02 4.253906e-02 -4.082049e-02 3.920400e-02 -3.768166e-02 3.624630e-02 -3.489142e-02 3.361111e-02 -3.240000e-02 3.125319e-02 -3.016620e-02 2.913496e-02 -2.815570e-02 2.722500e-02 -2.633969e-02 2.549688e-02 -2.469388e-02 
-7.159240e-02 7.562500e-02 -8.000816e-02 8.478374e-02 -9.000000e-02 9.571289e-02 -1.019875e-01 1.089000e-01 -1.165398e-01 1.250128e-01 -1.344444e-01 1.449852e-01 -1.568160e-01 1.701563e-01 -1.852741e-01 2.025000e-01 -2.222449e-01 2.450250e-01 -2.714958e-01 3.025000e-01 -3.391349e-01 3.828516e-01 -4.356000e-01 5.000510e-01 -5.799408e-01 6.806250e-01 -8.100000e-01 9.801000e-01 -1.210000e+00 1.531406e+00 -2.000204e+00 2.722500e+00 -3.920400e+00 6.125625e+00 -1.089000e+01 2.450250e+01 -9.801000e+01 1.682040e+02 -9.801000e+01 2.450250e+01 -1.089000e+01 6.125625e+00 -3.920400e+00 2.722500e+00 -2.000204e+00 1.531406e+00 -1.210000e+00 9.801000e-01 -8.100000e-01 6.806250e-01 -5.799408e-01 5.000510e-01 -4.356000e-01 3.828516e-01 -3.391349e-01 3.025000e-01 -2.714958e-01 2.450250e-01 -2.222449e-01 2.025000e-01 -1.852741e-01 1.701563e-01 -1.568160e-01 1.449852e-01 -1.344444e-01 1.250128e-01 -1.165398e-01 1.089000e-01 -1.019875e-01 9.571289e-02 -9.000000e-02 8.478374e-02 -8.000816e-02 7.562500e-02 -7.159240e-02 6.787396e-02 -6.443787e-02 6.125625e-02 -5.830458e-02 5.556122e-02 -5.300703e-02 5.062500e-02 -4.840000e-02 4.631853e-02 -4.436849e-02 4.253906e-02 -4.082049e-02 3.920400e-02 -3.768166e-02 3.624630e-02 -3.489142e-02 3.361111e-02 -3.240000e-02 3.125319e-02 -3.016620e-02 2.913496e-02 -2.815570e-02 2.722500e-02 -2.633969e-02 2.549688e-02 
6.787396e-02 -7.159240e-02 7.562500e-02 -8.000816e-02 8.478374e-02 -9.000000e-02 9.571289e-02 -1.019875e-01 1.089000e-01 -1.165398e-01 1.250128e-01 -1.344444e-01 1.449852e-01 -1.568160e-01 1.701563e-01 -1.852741e-01 2.025000e-01 -2.222449e-01 2.450250e-01 -2.714958e-01 3.025000e-01 -3.391349e-01 3.828516e-01 -4.356000e-01 5.000510e-01 -5.799408e-01 6.806250e-01 -8.100000e-01 9.801000e-01 -1.210000e+00 1.531406e+00 -2.000204e+00 2.722500e+00 -3.920400e+00 6.125625e+00 -1.089000e+01 2.450250e+01 -9.801000e+01 1.685866e+02 -9.801000e+01 2.450250e+01 -1.089000e+01 6.125625e+00 -3.920400e+00 2.722500e+00 -2.000204e+00 1.531406e+00 -1.210000e+00 9.801000e-01 -8.100000e-01 6.806250e-01 -5.799408e-01 5.000510e-01 -4.356000e-01 3.828516e-01 -3.391349e-01 3.025000e-01 -2.714958e-01 2.450250e-01 -2.222449e-01 2.025000e-01 -1.852741e-01 1.701563e-01 -1.568160e-01 1.449852e-01 -1.344444e-01 1.250128e-01 -1.165398e-01 1.089000e-01 -1.019875e-01 9.571289e-02 -9.000000e-02 8.478374e-02 -8.000816e-02 7.562500e-02 -7.159240e-02 6.787396e-02 -6.443787e-02 6.125625e-02 -5.830458e-02 5.556122e-02 -5.300703e-02 5.062500e-02 -4.840000e-02 4.631853e-02 -4.436849e-02 4.253906e-02 -4.082049e-02 3.920400e-02 -3.768166e-02 3.624630e-02 -3.489142e-02 3.361111e-02 -3.240000e-02 3.125319e-02 -3.016620e-02 2.913496e-02 -2.815570e-02 2.722500e-02 -2.633969e-02 
-6.443787e-02 6.787396e-02 -7.159240e-02 7.562500e-02 -8.000816e-02 8.478374e-02 -9.000000e-02 9.571289e-02 -1.019875e-01 1.089000e-01 -1.165398e-01 1.250128e-01 -1.344444e-01 1.449852e-01 -1.568160e-01 1.701563e-01 -1.852741e-01 2.025000e-01 -2.222449e-01 2.450250e-01 -2.714958e-01 3.025000e-01 -3.391349e-01 3.828516e-01 -4.356000e-01 5.000510e-01 -5.799408e-01 6.806250e-01 -8.100000e-01 9.801000e-01 -1.210000e+00 1.531406e+00 -2.000204e+00 2.722500e+00 -3.920400e+00 6.125625e+00 -1.089000e+01 2.450250e+01 -9.801000e+01 1.689794e+02 -9.801000e+01 2.450250e+01 -1.089000e+01 6.125625e+00 -3.920400e+00 2.722500e+00 -2.000204e+00 1.531406e+00 -1.210000e+00 9.801000e-01 -8.100000e-01 6.806250e-01 -5.799408e-01 5.000510e-01 -4.356000e-01 3.828516e-01 -3.391349e-01 3.025000e-01 -2.714958e-01 2.450250e-01 -2.222449e-01 2.025000e-01 -1.852741e-01 1.701563e-01 -1.568160e-01 1.449852e-01 -1.344444e-01 1.250128e-01 -1.165398e-01 1.089000e-01 -1.019875e-01 9.571289e-02 -9.000000e-02 8.478374e-02 -8.000816e-02 7.562500e-02 -7.159240e-02 6.787396e-02 -6.443787e-02 6.125625e-02 -5.830458e-02 5.556122e-02 -5.300703e-02 5.062500e-02 -4.840000e-02 4.631853e-02 -4.436849e-02 4.253906e-02 -4.082049e-02 3.920400e-02 -3.768166e-02 3.624630e-02 -3.489142e-02 3.361111e-02 -3.240000e-02 3.125319e-02 -3.016620e-02 2.913496e-02 -2.815570e-02 2.722500e-02 
6.125625e-02 -6.443787e-02 6.787396e-02 -7.159240e-02 7.562500e-02 -8.000816e-02 8.478374e-02 -9.000000e-02 9.571289e-02 -1.019875e-01 1.089000e-01 -1.165398e-01 1.250128e-01 -1.344444e-01 1.449852e-01 -1.568160e-01 1.701563e-01 -1.852741e-01 2.025000e-01 -2.222449e-01 2.450250e-01 -2.714958e-01 3.025000e-01 -3.391349e-01 3.828516e-01 -4.356000e-01 5.000510e-01 -5.799408e-01 6.806250e-01 -8.100000e-01 9.801000e-01 -1.210000e+00 1.531406e+00 -2.000204e+00 2.722500e+00 -3.920400e+00 6.125625e+00 -1.089000e+01 2.450250e+01 -9.801000e+01 1.693824e+02 -9.801000e+01 2.450250e+01 -1.089000e+01 6.125625e+00 -3.920400e+00 2.722500e+00 -2.000204e+00 1.531406e+00 -1.210000e+00 9.801000e-01 -8.100000e-01 6.806250e-01 -5.799408e-01 5.000510e-01 -4.356000e-01 3.828516e-01 -3.391349e-01 3.025000e-01 -2.714958e-01 2.450250e-01 -2.222449e-01 2.025000e-01 -1.852741e-01 1.701563e-01 -1.568160e-01 1.449852e-01 -1.344444e-01 1.250128e-01 -1.165398e-01 1.089000e-01 -1.019875e-01 9.571289e-02 -9.000000e-02 8.478374e-02 -8.000816e-02 7.562500e-02 -7.159240e-02 6.787396e-02 -6.443787e-02 6.125625e-02 -5.830458e-02 5.556122e-02 -5.300703e-02 5.062500e-02 -4.840000e-02 4.631853e-02 -4.436849e-02 4.253906e-02 -4.082049e-02 3.920400e-02 -3.768166e-02 3.624630e-02 -3.489142e-02 3.361111e-02 -3.240000e-02 3.125319e-02 -3.016620e-02 2.913496e-02 -2.815570e-02 
-5.830458e-02 6.125625e-02 -6.443787e-02 6.787396e-02 -7.159240e-02 7.562500e-02 -8.000816e-02 8.478374e-02 -9.000000e-02 9.571289e-02 -1.019875e-01 1.089000e-01 -1.165398e-01 1.250128e-01 -1.344444e-01 1.449852e-01 -1.568160e-01 1.701563e-01 -1.852741e-01 2.025000e-01 -2.222449e-01 2.450250e-01 -2.714958e-01 3.025000e-01 -3.391349e-01 3.828516e-01 -4.356000e-01 5.000510e-01 -5.799408e-01 6.806250e-01 -8.100000e-01 9.801000e-01 -1.210000e+00 1.531406e+00 -2.000204e+00 2.722500e+00 -3.920400e+00 6.125625e+00 -1.089000e+01 2.450250e+01 -9.801000e+01 1.697956e+02 -9.801000e+01 2.450250e+01 -1.089000e+01 6.125625e+00 -3.920400e+00 2.722500e+00 -2.000204e+00 1.531406e+00 -1.210000e+00 9.801000e-01 -8.100000e-01 6.806250e-01 -5.799408e-01 5.000510e-01 -4.356000e-01 3.828516e-01 -3.391349e-01 3.025000e-01 -2.714958e-01 2.450250e-01 -2.222449e-01 2.025000e-01 -1.852741e-01 1.701563e-01 -1.568160e-01 1.449852e-01 -1.344444e-01 1.250128e-01 -1.165398e-01 1.089000e-01 -1.019875e-01 9.571289e-02 -9.000000e-02 8.478374e-02 -8.000816e-02 7.562500e-02 -7.159240e-02 6.787396e-02 -6.443787e-02 6.125625e-02 -5.830458e-02 5.556122e-02 -5.300703e-02 5.062500e-02 -4.840000e-02 4.631853e-02 -4.436849e-02 4.253906e-02 -4.082049e-02 3.920400e-02 -3.768166e-02 3.624630e-02 -3.489142e-02 3.361111e-02 -3.240000e-02 3.125319e-02 -3.016620e-02 2.913496e-02 
5.556122e-02 -5.830458e-02 6.125625e-02 -6.443787e-02 6.787396e-02 -7.159240e-02 7.562500e-02 -8.000816e-02 8.478374e-02 -9.000000e-02 9.571289e-02 -1.019875e-01 1.089000e-01 -1.165398e-01 1.250128e-01 -1.344444e-01 1.449852e-01 -1.568160e-01 1.701563e-01 -1.852741e-01 2.025000e-01 -2.222449e-01 2.450250e-01 -2.714958e-01 3.025000e-01 -3.391349e-01 3.828516e-01 -4.356000e-01 5.000510e-01 -5.799408e-01 6.806250e-01 -8.100000e-01 9.801000e-01 -1.210000e+00 1.531406e+00 -2.000204e+00 2.722500e+00 -3.920400e+00 6.125625e+00 -1.089000e+01 2.450250e+01 -9.801000e+01 1.702191e+02 -9.801000e+01 2.450250e+01 -1.089000e+01 6.125625e+00 -3.920400e+00 2.722500e+00 -2.000204e+00 1.531406e+00 -1.210000e+00 9.801000e-01 -8.100000e-01 6.806250e-01 -5.799408e-01 5.000510e-01 -4.356000e-01 3.828516e-01 -3.391349e-01 3.025000e-01 -2.714958e-01 2.450250e-01 -2.222449e-01 2.025000e-01 -1.852741e-01 1.701563e-01 -1.568160e-01 1.449852e-01 -1.344444e-01 1.250128e-01 -1.165398e-01 1.089000e-01 -1.019875e-01 9.571289e-02 -9.000000e-02 8.478374e-02 -8.000816e-02 7.562500e-02 -7.159240e-02 6.787396e-02 -6.443787e-02 6.125625e-02 -5.830458e-02 5.556122e-02 -5.300703e-02 5.062500e-02 -4.840000e-02 4.631853e-02 -4.436849e-02 4.253906e-02 -4.082049e-02 3.920400e-02 -3.768166e-02 3.624630e-02 -3.489142e-02 3.361111e-02 -3.240000e-02 3.125319e-02 -3.016620e-02 
-5.300703e-02 5.556122e-02 -5.830458e-02 6.125625e-02 -6.443787e-02 6.787396e-02 -7.159240e-02 7.562500e-02 -8.000816e-02 8.478374e-02 -9.000000e-02 9.571289e-02 -1.019875e-01 1.089000e-01 -1.165398e-01 1.250128e-01 -1.344444e-01 1.449852e-01 -1.568160e-01 1.701563e-01 -1.852741e-01 2.025000e-01 -2.222449e-01 2.450250e-01 -2.714958e-01 3.025000e-01 -3.391349e-01 3.828516e-01 -4.356000e-01 5.000510e-01 -5.799408e-01 6.806250e-01 -8.100000e-01 9.801000e-01 -1.210000e+00 1.531406e+00 -2.000204e+00 2.722500e+00 -3.920400e+00 6.125625e+00 -1.089000e+01 2.450250e+01 -9.801000e+01 1.706527e+02 -9.801000e+01 2.450250e+01 -1.089000e+01 6.125625e+00 -3.920400e+00 2.722500e+00 -2.000204e+00 1.531406e+00 -1.210000e+00 9.801000e-01 -8.100000e-01 6.806250e-01 -5.799408e-01 5.000510e-01 -4.356000e-01 3.828516e-01 -3.391349e-01 3.025000e-01 -2.714958e-01 2.450250e-01 -2.222449e-01 2.025000e-01 -1.852741e-01 1.701563e-01 -1.568160e-01 1.449852e-01 -1.344444e-01 1.250128e-01 -1.165398e-01 1.089000e-01 -1.019875e-01 9.571289e-02 -9.000000e-02 8.478374e-02 -8.000816e-02 7.562500e-02 -7.159240e-02 6.787396e-02 -6.443787e-02 6.125625e-02 -5.830458e-02 5.556122e-02 -5.300703e-02 5.062500e-02 -4.840000e-02 4.631853e-02 -4.436849e-02 4.253906e-02 -4.082049e-02 3.920400e-02 -3.768166e-02 3.624630e-02 -3.489142e-02 3.361111e-02 -3.240000e-02 3.125319e-02 
5.062500e-02 -5.300703e-02 5.556122e-02 -5.830458e-02 6.125625e-02 -6.443787e-02 6.787396e-02 -7.159240e-02 7.562500e-02 -8.000816e-02 8.478374e-02 -9.000000e-02 9.571289e-02 -1.019875e-01 1.089000e-01 -1.165398e-01 1.250128e-01 -1.344444e-01 1.449852e-01 -1.568160e-01 1.701563e-01 -1.852741e-01 2.025000e-01 -2.222449e-01 2.450250e-01 -2.714958e-01 3.025000e-01 -3.391349e-01 3.828516e-01 -4.356000e-01 5.000510e-01 -5.799408e-01 6.806250e-01 -8.100000e-01 9.801000e-01 -1.210000e+00 1.531406e+00 -2.000204e+00 2.722500e+00 -3.920400e+00 6.125625e+00 -1.089000e+01 2.450250e+01 -9.801000e+01 1.710965e+02 -9.801000e+01 2.450250e+01 -1.089000e+01 6.125625e+00 -3.920400e+00 2.722500e+00 -2.000204e+00 1.531406e+00 -1.210000e+00 9.801000e-01 -8.100000e-01 6.806250e-01 -5.799408e-01 5.000510e-01 -4.356000e-01 3.828516e-01 -3.391349e-01 3.025000e-01 -2.714958e-01 2.450250e-01 -2.222449e-01 2.025000e-01 -1.852741e-01 1.701563e-01 -1.568160e-01 1.449852e-01 -1.344444e-01 1.250128e-01 -1.165398e-01 1.089000e-01 -1.019875e-01 9.571289e-02 -9.000000e-02 8.478374e-02 -8.000816e-02 7.562500e-02 -7.159240e-02 6.787396e-02 -6.443787e-02 6.125625e-02 -5.830458e-02 5.556122e-02 -5.300703e-02 5.062500e-02 -4.840000e-02 4.631853e-02 -4.436849e-02 4.253906e-02 -4.082049e-02 3.920400e-02 -3.768166e-02 3.624630e-02 -3.489142e-02 3.361111e-02 -3.240000e-02 
-4.840000e-02 5.062500e-02 -5.300703e-02 5.556122e-02 -5.830458e-02 6.125625e-02 -6.443787e-02 6.787396e-02 -7.159240e-02 7.562500e-02 -8.000816e-02 8.478374e-02 -9.000000e-02 9.571289e-02 -1.019875e-01 1.089000e-01 -1.165398e-01 1.250128e-01 -1.344444e-01 1.449852e-01 -1.568160e-01 1.701563e-01 -1.852741e-01 2.025000e-01 -2.222449e-01 2.450250e-01 -2.714958e-01 3.025000e-01 -3.391349e-01 3.828516e-01 -4.356000e-01 5.000510e-01 -5.799408e-01 6.806250e-01 -8.100000e-01 9.801000e-01 -1.210000e+00 1.531406e+00 -2.000204e+00 2.722500e+00 -3.920400e+00 6.125625e+00 -1.089000e+01 2.450250e+01 -9.801000e+01 1.715506e+02 -9.801000e+01 2.450250e+01 -1.089000e+01 6.125625e+00 -3.920400e+00 2.722500e+00 -2.000204e+00 1.531406e+00 -1.210000e+00 9.801000e-01 -8.100000e-01 6.806250e-01 -5.799408e-01 5.000510e-01 -4.356000e-01 3.828516e-01 -3.391349e-01 3.025000e-01 -2.714958e-01 2.450250e-01 -2.222449e-01 2.025000e-01 -1.852741e-01 1.701563e-01 -1.568160e-01 1.449852e-01 -1.344444e-01 1.250128e-01 -1.165398e-01 1.089000e-01 -1.019875e-01 9.571289e-02 -9.000000e-02 8.478374e-02 -8.000816e-02 7.562500e-02 -7.159240e-02 6.787396e-02 -6.443787e-02 6.125625e-02 -5.830458e-02 5.556122e-02 -5.300703e-02 5.062500e-02 -4.840000e-02 4.631853e-02 -4.436849e-02 4.253906e-02 -4.082049e-02 3.920400e-02 -3.768166e-02 3.624630e-02 -3.489142e-02 3.361111e-02 
4.631853e-02 -4.840000e-02 5.062500e-02 -5.300703e-02 5.556122e-02 -5.830458e-02 6.125625e-02 -6.443787e-02 6.787396e-02 -7.159240e-02 7.562500e-02 -8.000816e-02 8.478374e-02 -9.000000e-02 9.571289e-02 -1.019875e-01 1.089000e-01 -1.165398e-01 1.250128e-01 -1.344444e-01 1.449852e-01 -1.568160e-01 1.701563e-01 -1.852741e-01 2.025000e-01 -2.222449e-01 2.450250e-01 -2.714958e-01 3.025000e-01 -3.391349e-01 3.828516e-01 -4.356000e-01 5.000510e-01 -5.799408e-01 6.806250e-01 -8.100000e-01 9.801000e-01 -1.210000e+00 1.531406e+00 -2.000204e+00 2.722500e+00 -3.920400e+00 6.125625e+00 -1.089000e+01 2.450250e+01 -9.801000e+01 1.720148e+02 -9.801000e+01 2.450250e+01 -1.089000e+01 6.125625e+00 -3.920400e+00 2.722500e+00 -2.000204e+00 1.531406e+00 -1.210000e+00 9.801000e-01 -8.100000e-01 6.806250e-01 -5.799408e-01 5.000510e-01 -4.356000e-01 3.828516e-01 -3.391349e-01 3.025000e-01 -2.714958e-01 2.450250e-01 -2.222449e-01 2.025000e-01 -1.852741e-01 1.701563e-01 -1.568160e-01 1.449852e-01 -1.344444e-01 1.250128e-01 -1.165398e-01 1.089000e-01 -1.019875e-01 9.571289e-02 -9.000000e-02 8.478374e-02 -8.000816e-02 7.562500e-02 -7.159240e-02 6.787396e-02 -6.443787e-02 6.125625e-02 -5.830458e-02 5.556122e-02 -5.300703e-02 5.062500e-02 -4.840000e-02 4.631853e-02 -4.436849e-02 4.253906e-02 -4.082049e-02 3.920400e-02 -3.768166e-02 3.624630e-02 -3.489142e-02 
-4.436849e-02 4.631853e-02 -4.840000e-02 5.062500e-02 -5.300703e-02 5.556122e-02 -5.830458e-02 6.125625e-02 -6.443787e-02 6.787396e-02 -7.159240e-02 7.562500e-02 -8.000816e-02 8.478374e-02 -9.000000e-02 9.571289e-02 -1.019875e-01 1.089000e-01 -1.165398e-01 1.250128e-01 -1.344444e-01 1.449852e-01 -1.568160e-01 1.701563e-01 -1.852741e-01 2.025000e-01 -2.222449e-01 2.450250e-01 -2.714958e-01 3.025000e-01 -3.391349e-01 3.828516e-01 -4.356000e-01 5.000510e-01 -5.799408e-01 6.806250e-01 -8.100000e-01 9.801000e-01 -1.210000e+00 1.531406e+00 -2.000204e+00 2.722500e+00 -3.920400e+00 6.125625e+00 -1.089000e+01 2.450250e+01 -9.801000e+01 1.724892e+02 -9.801000e+01 2.450250e+01 -1.089000e+01 6.125625e+00 -3.920400e+00 2.722500e+00 -2.000204e+00 1.531406e+00 -1.210000e+00 9.801000e-01 -8.100000e-01 6.806250e-01 -5.799408e-01 5.000510e-01 -4.356000e-01 3.828516e-01 -3.391349e-01 3.025000e-01 -2.714958e-01 2.450250e-01 -2.222449e-01 2.025000e-01 -1.852741e-01 1.701563e-01 -1.568160e-01 1.449852e-01 -1.344444e-01 1.250128e-01 -1.165398e-01 1.089000e-01 -1.019875e-01 9.571289e-02 -9.000000e-02 8.478374e-02 -8.000816e-02 7.562500e-02 -7.159240e-02 6.787396e-02 -6.443787e-02 6.125625e-02 -5.830458e-02 5.556122e-02 -5.300703e-02 5.062500e-02 -4.840000e-02 4.631853e-02 -4.436849e-02 4.253906e-02 -4.082049e-02 3.920400e-02 -3.768166e-02 3.624630e-02 
4.253906e-02 -4.436849e-02 4.631853e-02 -4.840000e-02 5.062500e-02 -5.300703e-02 5.556122e-02 -5.830458e-02 6.125625e-02 -6.443787e-02 6.787396e-02 -7.159240e-02 7.562500e-02 -8.000816e-02 8.478374e-02 -9.000000e-02 9.571289e-02 -1.019875e-01 1.089000e-01 -1.165398e-01 1.250128e-01 -1.344444e-01 1.449852e-01 -1.568160e-01 1.701563e-01 -1.852741e-01 2.025000e-01 -2.222449e-01 2.450250e-01 -2.714958e-01 3.025000e-01 -3.391349e-01 3.828516e-01 -4.356000e-01 5.000510e-01 -5.799408e-01 6.806250e-01 -8.100000e-01 9.801000e-01 -1.210000e+00 1.531406e+00 -2.000204e+00 2.722500e+00 -3.920400e+00 6.125625e+00 -1.089000e+01 2.450250e+01 -9.801000e+01 1.729739e+02 -9.801000e+01 2.450250e+01 -1.089000e+01 6.125625e+00 -3.920400e+00 2.722500e+00 -2.000204e+00 1.531406e+00 -1.210000e+00 9.801000e-01 -8.100000e-01 6.806250e-01 -5.799408e-01 5.000510e-01 -4.356000e-01 3.828516e-01 -3.391349e-01 3.025000e-01 -2.714958e-01 2.450250e-01 -2.222449e-01 2.025000e-01 -1.852741e-01 1.701563e-01 -1.568160e-01 1.449852e-01 -1.344444e-01 1.250128e-01 -1.165398e-01 1.089000e-01 -1.019875e-01 9.571289e-02 -9.000000e-02 8.478374e-02 -8.000816e-02 7.562500e-02 -7.159240e-02 6.787396e-02 -6.443787e-02 6.125625e-02 -5.830458e-02 5.556122e-02 -5.300703e-02 5.062500e-02 -4.840000e-02 4.631853e-02 -4.436849e-02 4.253906e-02 -4.082049e-02 3.920400e-02 -3.768166e-02 
-4.082049e-02 4.253906e-02 -4.436849e-02 4.631853e-02 -4.840000e-02 5.062500e-02 -5.300703e-02 5.556122e-02 -5.830458e-02 6.125625e-02 -6.443787e-02 6.787396e-02 -7.159240e-02 7.562500e-02 -8.000816e-02 8.478374e-02 -9.000000e-02 9.571289e-02 -1.019875e-01 1.089000e-01 -1.165398e-01 1.250128e-01 -1.344444e-01 1.449852e-01 -1.568160e-01 1.701563e-01 -1.852741e-01 2.025000e-01 -2.222449e-01 2.450250e-01 -2.714958e-01 3.025000e-01 -3.391349e-01 3.828516e-01 -4.356000e-01 5.000510e-01 -5.799408e-01 6.806250e-01 -8.100000e-01 9.801000e-01 -1.210000e+00 1.531406e+00 -2.000204e+00 2.722500e+00 -3.920400e+00 6.125625e+00 -1.089000e+01 2.450250e+01 -9.801000e+01 1.734687e+02 -9.801000e+01 2.450250e+01 -1.089000e+01 6.125625e+00 -3.920400e+00 2.722500e+00 -2.000204e+00 1.531406e+00 -1.210000e+00 9.801000e-01 -8.100000e-01 6.806250e-01 -5.799408e-01 5.000510e-01 -4.356000e-01 3.828516e-01 -3.391349e-01 3.025000e-01 -2.714958e-01 2.450250e-01 -2.222449e-01 2.025000e-01 -1.852741e-01 1.701563e-01 -1.568160e-01 1.449852e-01 -1.344444e-01 1.250128e-01 -1.165398e-01 1.089000e-01 -1.019875e-01 9.571289e-02 -9.000000e-02 8.478374e-02 -8.000816e-02 7.562500e-02 -7.159240e-02 6.787396e-02 -6.443787e-02 6.125625e-02 -5.830458e-02 5.556122e-02 -5.300703e-02 5.062500e-02 -4.840000e-02 4.631853e-02 -4.436849e-02 4.253906e-02 -4.082049e-02 3.920400e-02 
3.920400e-02 -4.082049e-02 4.253906e-02 -4.436849e-02 4.631853e-02 -4.840000e-02 5.062500e-02 -5.300703e-02 5.556122e-02 -5.830458e-02 6.125625e-02 -6.443787e-02 6.787396e-02 -7.159240e-02 7.562500e-02 -8.000816e-02 8.478374e-02 -9.000000e-02 9.571289e-02 -1.019875e-01 1.089000e-01 -1.165398e-01 1.250128e-01 -1.344444e-01 1.449852e-01 -1.568160e-01 1.701563e-01 -1.852741e-01 2.025000e-01 -2.222449e-01 2.450250e-01 -2.714958e-01 3.025000e-01 -3.391349e-01 3.828516e-01 -4.356000e-01 5.000510e-01 -5.799408e-01 6.806250e-01 -8.100000e-01 9.801000e-01 -1.210000e+00 1.531406e+00 -2.000204e+00 2.722500e+00 -3.920400e+00 6.125625e+00 -1.089000e+01 2.450250e+01 -9.801000e+01 1.739738e+02 -9.801000e+01 2.450250e+01 -1.089000e+01 6.125625e+00 -3.920400e+00 2.722500e+00 -2.000204e+00 1.531406e+00 -1.210000e+00 9.801000e-01 -8.100000e-01 6.806250e-01 -5.799408e-01 5.000510e-01 -4.356000e-01 3.828516e-01 -3.391349e-01 3.025000e-01 -2.714958e-01 2.450250e-01 -2.222449e-01 2.025000e-01 -1.852741e-01 1.701563e-01 -1.568160e-01 1.449852e-01 -1.344444e-01 1.250128e-01 -1.165398e-01 1.089000e-01 -1.019875e-01 9.571289e-02 -9.000000e-02 8.478374e-02 -8.000816e-02 7.562500e-02 -7.159240e-02 6.787396e-02 -6.443787e-02 6.125625e-02 -5.830458e-02 5.556122e-02 -5.300703e-02 5.062500e-02 -4.840000e-02 4.631853e-02 -4.436849e-02 4.253906e-02 -4.082049e-02 
-3.768166e-02 3.920400e-02 -4.082049e-02 4.253906e-02 -4.436849e-02 4.631853e-02 -4.840000e-02 5.062500e-02 -5.300703e-02 5.556122e-02 -5.830458e-02 6.125625e-02 -6.443787e-02 6.787396e-02 -7.159240e-02 7.562500e-02 -8.000816e-02 8.478374e-02 -9.000000e-02 9.571289e-02 -1.019875e-01 1.089000e-01 -1.165398e-01 1.250128e-01 -1.344444e-01 1.449852e-01 -1.568160e-01 1.701563e-01 -1.852741e-01 2.025000e-01 -2.222449e-01 2.450250e-01 -2.714958e-01 3.025000e-01 -3.391349e-01 3.828516e-01 -4.356000e-01 5.000510e-01 -5.799408e-01 6.806250e-01 -8.100000e-01 9.801000e-01 -1.210000e+00 1.531406e+00 -2.000204e+00 2.722500e+00 -3.920400e+00 6.125625e+00 -1.089000e+01 2.450250e+01 -9.801000e+01 1.744890e+02 -9.801000e+01 2.450250e+01 -1.089000e+01 6.125625e+00 -3.920400e+00 2.722500e+00 -2.000204e+00 1.531406e+00 -1.210000e+00 9.801000e-01 -8.100000e-01 6.806250e-01 -5.799408e-01 5.000510e-01 -4.356000e-01 3.828516e-01 -3.391349e-01 3.025000e-01 -2.714958e-01 2.450250e-01 -2.222449e-01 2.025000e-01 -1.852741e-01 1.701563e-01 -1.568160e-01 1.449852e-01 -1.344444e-01 1.250128e-01 -1.165398e-01 1.089000e-01 -1.019875e-01 9.571289e-02 -9.000000e-02 8.478374e-02 -8.000816e-02 7.562500e-02 -7.159240e-02 6.787396e-02 -6.443787e-02 6.125625e-02 -5.830458e-02 5.556122e-02 -5.300703e-02 5.062500e-02 -4.840000e-02 4.631853e-02 -4.436849e-02 4.253906e-02 
3.624630e-02 -3.768166e-02 3.920400e-02 -4.082049e-02 4.253906e-02 -4.436849e-02 4.631853e-02 -4.840000e-02 5.062500e-02 -5.300703e-02 5.556122e-02 -5.830458e-02 6.125625e-02 -6.443787e-02 6.787396e-02 -7.159240e-02 7.562500e-02 -8.000816e-02 8.478374e-02 -9.000000e-02 9.571289e-02 -1.019875e-01 1.089000e-01 -1.165398e-01 1.250128e-01 -1.344444e-01 1.449852e-01 -1.568160e-01 1.701563e-01 -1.852741e-01 2.025000e-01 -2.222449e-01 2.450250e-01 -2.714958e-01 3.025000e-01 -3.391349e-01 3.828516e-01 -4.356000e-01 5.000510e-01 -5.799408e-01 6.806250e-01 -8.100000e-01 9.801000e-01 -1.210000e+00 1.531406e+00 -2.000204e+00 2.722500e+00 -3.920400e+00 6.125625e+00 -1.089000e+01 2.450250e+01 -9.801000e+01 1.750145e+02 -9.801000e+01 2.450250e+01 -1.089000e+01 6.125625e+00 -3.920400e+00 2.722500e+00 -2.000204e+00 1.531406e+00 -1.210000e+00 9.801000e-01 -8.100000e-01 6.806250e-01 -5.799408e-01 5.000510e-01 -4.356000e-01 3.828516e-01 -3.391349e-01 3.025000e-01 -2.714958e-01 2.450250e-01 -2.222449e-01 2.025000e-01 -1.852741e-01 1.701563e-01 -1.568160e-01 1.449852e-01 -1.344444e-01 1.250128e-01 -1.165398e-01 1.089000e-01 -1.019875e-01 9.571289e-02 -9.000000e-02 8.478374e-02 -8.000816e-02 7.562500e-02 -7.159240e-02 6.787396e-02 -6.443787e-02 6.125625e-02 -5.830458e-02 5.556122e-02 -5.300703e-02 5.062500e-02 -4.840000e-02 4.631853e-02 -4.436849e-02 
-3.489142e-02 3.624630e-02 -3.768166e-02 3.920400e-02 -4.082049e-02 4.253906e-02 -4.436849e-02 4.631853e-02 -4.840000e-02 5.062500e-02 -5.300703e-02 5.556122e-02 -5.830458e-02 6.125625e-02 -6.443787e-02 6.787396e-02 -7.159240e-02 7.562500e-02 -8.000816e-02 8.478374e-02 -9.000000e-02 9.571289e-02 -1.019875e-01 1.089000e-01 -1.165398e-01 1.250128e-01 -1.344444e-01 1.449852e-01 -1.568160e-01 1.701563e-01 -1.852741e-01 2.025000e-01 -2.222449e-01 2.450250e-01 -2.714958e-01 3.025000e-01 -3.391349e-01 3.828516e-01 -4.356000e-01 5.000510e-01 -5.799408e-01 6.806250e-01 -8.100000e-01 9.801000e-01 -1.210000e+00 1.531406e+00 -2.000204e+00 2.722500e+00 -3.920400e+00 6.125625e+00 -1.089000e+01 2.450250e+01 -9.801000e+01 1.755502e+02 -9.801000e+01 2.450250e+01 -1.089000e+01 6.125625e+00 -3.920400e+00 2.722500e+00 -2.000204e+00 1.531406e+00 -1.210000e+00 9.801000e-01 -8.100000e-01 6.806250e-01 -5.799408e-01 5.000510e-01 -4.356000e-01 3.828516e-01 -3.391349e-01 3.025000e-01 -2.714958e-01 2.450250e-01 -2.222449e-01 2.025000e-01 -1.852741e-01 1.701563e-01 -1.568160e-01 1.449852e-01 -1.344444e-01 1.250128e-01 -1.165398e-01 1.089000e-01 -1.019875e-01 9.571289e-02 -9.000000e-02 8.478374e-02 -8.000816e-02 7.562500e-02 -7.159240e-02 6.787396e-02 -6.443787e-02 6.125625e-02 -5.830458e-02 5.556122e-02 -5.300703e-02 5.062500e-02 -4.840000e-02 4.631853e-02 
3.361111e-02 -3.489142e-02 3.624630e-02 -3.768166e-02 3.920400e-02 -4.082049e-02 4.253906e-02 -4.436849e-02 4.631853e-02 -4.840000e-02 5.062500e-02 -5.300703e-02 5.556122e-02 -5.830458e-02 6.125625e-02 -6.443787e-02 6.787396e-02 -7.159240e-02 7.562500e-02 -8.000816e-02 8.478374e-02 -9.000000e-02 9.571289e-02 -1.019875e-01 1.089000e-01 -1.165398e-01 1.250128e-01 -1.344444e-01 1.449852e-01 -1.568160e-01 1.701563e-01 -1.852741e-01 2.025000e-01 -2.222449e-01 2.450250e-01 -2.714958e-01 3.025000e-01 -3.391349e-01 3.828516e-01 -4.356000e-01 5.000510e-01 -5.799408e-01 6.806250e-01 -8.100000e-01 9.801000e-01 -1.210000e+00 1.531406e+00 -2.000204e+00 2.722500e+00 -3.920400e+00 6.125625e+00 -1.089000e+01 2.450250e+01 -9.801000e+01 1.760960e+02 -9.801000e+01 2.450250e+01 -1.089000e+01 6.125625e+00 -3.920400e+00 2.722500e+00 -2.000204e+00 1.531406e+00 -1.210000e+00 9.801000e-01 -8.100000e-01 6.806250e-01 -5.799408e-01 5.000510e-01 -4.356000e-01 3.828516e-01 -3.391349e-01 3.025000e-01 -2.714958e-01 2.450250e-01 -2.222449e-01 2.025000e-01 -1.852741e-01 1.701563e-01 -1.568160e-01 1.449852e-01 -1.344444e-01 1.250128e-01 -1.165398e-01 1.089000e-01 -1.019875e-01 9.571289e-02 -9.000000e-02 8.478374e-02 -8.000816e-02 7.562500e-02 -7.159240e-02 6.787396e-02 -6.443787e-02 6.125625e-02 -5.830458e-02 5.556122e-02 -5.300703e-02 5.062500e-02 -4.840000e-02 
-3.240000e-02 3.361111e-02 -3.489142e-02 3.624630e-02 -3.768166e-02 3.920400e-02 -4.082049e-02 4.253906e-02 -4.436849e-02 4.631853e-02 -4.840000e-02 5.062500e-02 -5.300703e-02 5.556122e-02 -5.830458e-02 6.125625e-02 -6.443787e-02 6.787396e-02 -7.159240e-02 7.562500e-02 -8.000816e-02 8.478374e-02 -9.000000e-02 9.571289e-02 -1.019875e-01 1.089000e-01 -1.165398e-01 1.250128e-01 -1.344444e-01 1.449852e-01 -1.568160e-01 1.701563e-01 -1.852741e-01 2.025000e-01 -2.222449e-01 2.450250e-01 -2.714958e-01 3.025000e-01 -3.391349e-01 3.828516e-01 -4.356000e-01 5.000510e-01 -5.799408e-01 6.806250e-01 -8.100000e-01 9.801000e-01 -1.210000e+00 1.531406e+00 -2.000204e+00 2.722500e+00 -3.920400e+00 6.125625e+00 -1.089000e+01 2.450250e+01 -9.801000e+01 1.766521e+02 -9.801000e+01 2.450250e+01 -1.089000e+01 6.125625e+00 -3.920400e+00 2.722500e+00 -2.000204e+00 1.531406e+00 -1.210000e+00 9.801000e-01 -8.100000e-01 6.806250e-01 -5.799408e-01 5.000510e-01 -4.356000e-01 3.828516e-01 -3.391349e-01 3.025000e-01 -2.714958e-01 2.450250e-01 -2.222449e-01 2.025000e-01 -1.852741e-01 1.701563e-01 -1.568160e-01 1.449852e-01 -1.344444e-01 1.250128e-01 -1.165398e-01 1.089000e-01 -1.019875e-01 9.571289e-02 -9.000000e-02 8.478374e-02 -8.000816e-02 7.562500e-02 -7.159240e-02 6.787396e-02 -6.443787e-02 6.125625e-02 -5.830458e-02 5.556122e-02 -5.300703e-02 5.062500e-02 
3.125319e-02 -3.240000e-02 3.361111e-02 -3.489142e-02 3.624630e-02 -3.768166e-02 3.920400e-02 -4.082049e-02 4.253906e-02 -4.436849e-02 4.631853e-02 -4.840000e-02 5.062500e-02 -5.300703e-02 5.556122e-02 -5.830458e-02 6.125625e-02 -6.443787e-02 6.787396e-02 -7.159240e-02 7.562500e-02 -8.000816e-02 8.478374e-02 -9.000000e-02 9.571289e-02 -1.019875e-01 1.089000e-01 -1.165398e-01 1.250128e-01 -1.344444e-01 1.449852e-01 -1.568160e-01 1.701563e-01 -1.852741e-01 2.025000e-01 -2.222449e-01 2.450250e-01 -2.714958e-01 3.025000e-01 -3.391349e-01 3.828516e-01 -4.356000e-01 5.000510e-01 -5.799408e-01 6.806250e-01 -8.100000e-01 9.801000e-01 -1.210000e+00 1.531406e+00 -2.000204e+00 2.722500e+00 -3.920400e+00 6.125625e+00 -1.089000e+01 2.450250e+01 -9.801000e+01 1.772184e+02 -9.801000e+01 2.450250e+01 -1.089000e+01 6.125625e+00 -3.920400e+00 2.722500e+00 -2.000204e+00 1.531406e+00 -1.210000e+00 9.801000e-01 -8.100000e-01 6.806250e-01 -5.799408e-01 5.000510e-01 -4.356000e-01 3.828516e-01 -3.391349e-01 3.025000e-01 -2.714958e-01 2.450250e-01 -2.222449e-01 2.025000e-01 -1.852741e-01 1.701563e-01 -1.568160e-01 1.449852e-01 -1.344444e-01 1.250128e-01 -1.165398e-01 1.089000e-01 -1.019875e-01 9.571289e-02 -9.000000e-02 8.478374e-02 -8.000816e-02 7.562500e-02 -7.159240e-02 6.787396e-02 -6.443787e-02 6.125625e-02 -5.830458e-02 5.556122e-02 -5.300703e-02 
-3.016620e-02 3.125319e-02 -3.240000e-02 3.361111e-02 -3.489142e-02 3.624630e-02 -3.768166e-02 3.920400e-02 -4.082049e-02 4.253906e-02 -4.436849e-02 4.631853e-02 -4.840000e-02 5.062500e-02 -5.300703e-02 5.556122e-02 -5.830458e-02 6.125625e-02 -6.443787e-02 6.787396e-02 -7.159240e-02 7.562500e-02 -8.000816e-02 8.478374e-02 -9.000000e-02 9.571289e-02 -1.019875e-01 1.089000e-01 -1.165398e-01 1.250128e-01 -1.344444e-01 1.449852e-01 -1.568160e-01 1.701563e-01 -1.852741e-01 2.025000e-01 -2.222449e-01 2.450250e-01 -2.714958e-01 3.025000e-01 -3.391349e-01 3.828516e-01 -4.356000e-01 5.000510e-01 -5.799408e-01 6.806250e-01 -8.100000e-01 9.801000e-01 -1.210000e+00 1.531406e+00 -2.000204e+00 2.722500e+00 -3.920400e+00 6.125625e+00 -1.089000e+01 2.450250e+01 -9.801000e+01 1.777948e+02 -9.801000e+01 2.450250e+01 -1.089000e+01 6.125625e+00 -3.920400e+00 2.722500e+00 -2.000204e+00 1.531406e+00 -1.210000e+00 9.801000e-01 -8.100000e-01 6.806250e-01 -5.799408e-01 5.000510e-01 -4.356000e-01 3.828516e-01 -3.391349e-01 3.025000e-01 -2.714958e-01 2.450250e-01 -2.222449e-01 2.025000e-01 -1.852741e-01 1.701563e-01 -1.568160e-01 1.449852e-01 -1.344444e-01 1.250128e-01 -1.165398e-01 1.089000e-01 -1.019875e-01 9.571289e-02 -9.000000e-02 8.478374e-02 -8.000816e-02 7.562500e-02 -7.159240e-02 6.787396e-02 -6.443787e-02 6.125625e-02 -5.830458e-02 5.556122e-02 
2.913496e-02 -3.016620e-02 3.125319e-02 -3.240000e-02 3.361111e-02 -3.489142e-02 3.624630e-02 -3.768166e-02 3.920400e-02 -4.082049e-02 4.253906e-02 -4.436849e-02 4.631853e-02 -4.840000e-02 5.062500e-02 -5.300703e-02 5.556122e-02 -5.830458e-02 6.125625e-02 -6.443787e-02 6.787396e-02 -7.159240e-02 7.562500e-02 -8.000816e-02 8.478374e-02 -9.000000e-02 9.571289e-02 -1.019875e-01 1.089000e-01 -1.165398e-01 1.250128e-01 -1.344444e-01 1.449852e-01 -1.568160e-01 1.701563e-01 -1.852741e-01 2.025000e-01 -2.222449e-01 2.450250e-01 -2.714958e-01 3.025000e-01 -3.391349e-01 3.828516e-01 -4.356000e-01 5.000510e-01 -5.799408e-01 6.806250e-01 -8.100000e-01 9.801000e-01 -1.210000e+00 1.531406e+00 -2.000204e+00 2.722500e+00 -3.920400e+00 6.125625e+00 -1.089000e+01 2.450250e+01 -9.801000e+01 1.783815e+02 -9.801000e+01 2.450250e+01 -1.089000e+01 6.125625e+00 -3.920400e+00 2.722500e+00 -2.000204e+00 1.531406e+00 -1.210000e+00 9.801000e-01 -8.100000e-01 6.806250e-01 -5.799408e-01 5.000510e-01 -4.356000e-01 3.828516e-01 -3.391349e-01 3.025000e-01 -2.714958e-01 2.450250e-01 -2.222449e-01 2.025000e-01 -1.852741e-01 1.701563e-01 -1.568160e-01 1.449852e-01 -1.344444e-01 1.250128e-01 -1.165398e-01 1.089000e-01 -1.019875e-01 9.571289e-02 -9.000000e-02 8.478374e-02 -8.000816e-02 7.562500e-02 -7.159240e-02 6.787396e-02 -6.443787e-02 6.125625e-02 -5.830458e-02 
-2.815570e-02 2.913496e-02 -3.016620e-02 3.125319e-02 -3.240000e-02 3.361111e-02 -3.489142e-02 3.624630e-02 -3.768166e-02 3.920400e-02 -4.082049e-02 4.253906e-02 -4.436849e-02 4.631853e-02 -4.840000e-02 5.062500e-02 -5.300703e-02 5.556122e-02 -5.830458e-02 6.125625e-02 -6.443787e-02 6.787396e-02 -7.159240e-02 7.562500e-02 -8.000816e-02 8.478374e-02 -9.000000e-02 9.571289e-02 -1.019875e-01 1.089000e-01 -1.165398e-01 1.250128e-01 -1.344444e-01 1.449852e-01 -1.568160e-01 1.701563e-01 -1.852741e-01 2.025000e-01 -2.222449e-01 2.450250e-01 -2.714958e-01 3.025000e-01 -3.391349e-01 3.828516e-01 -4.356000e-01 5.000510e-01 -5.799408e-01 6.806250e-01 -8.100000e-01 9.801000e-01 -1.210000e+00 1.531406e+00 -2.000204e+00 2.722500e+00 -3.920400e+00 6.125625e+00 -1.089000e+01 2.450250e+01 -9.801000e+01 1.789784e+02 -9.801000e+01 2.450250e+01 -1.089000e+01 6.125625e+00 -3.920400e+00 2.722500e+00 -2.000204e+00 1.531406e+00 -1.210000e+00 9.801000e-01 -8.100000e-01 6.806250e-01 -5.799408e-01 5.000510e-01 -4.356000e-01 3.828516e-01 -3.391349e-01 3.025000e-01 -2.714958e-01 2.450250e-01 -2.222449e-01 2.025000e-01 -1.852741e-01 1.701563e-01 -1.568160e-01 1.449852e-01 -1.344444e-01 1.250128e-01 -1.165398e-01 1.089000e-01 -1.019875e-01 9.571289e-02 -9.000000e-02 8.478374e-02 -8.000816e-02 7.562500e-02 -7.159240e-02 6.787396e-02 -6.443787e-02 6.125625e-02 
2.722500e-02 -2.815570e-02 2.913496e-02 -3.016620e-02 3.125319e-02 -3.240000e-02 3.361111e-02 -3.489142e-02 3.624630e-02 -3.768166e-02 3.920400e-02 -4.082049e-02 4.253906e-02 -4.436849e-02 4.631853e-02 -4.840000e-02 5.062500e-02 -5.300703e-02 5.556122e-02 -5.830458e-02 6.125625e-02 -6.443787e-02 6.787396e-02 -7.159240e-02 7.562500e-02 -8.000816e-02 8.478374e-02 -9.000000e-02 9.571289e-02 -1.019875e-01 1.089000e-01 -1.165398e-01 1.250128e-01 -1.344444e-01 1.449852e-01 -1.568160e-01 1.701563e-01 -1.852741e-01 2.025000e-01 -2.222449e-01 2.450250e-01 -2.714958e-01 3.025000e-01 -3.391349e-01 3.828516e-01 -4.356000e-01 5.000510e-01 -5.799408e-01 6.806250e-01 -8.100000e-01 9.801000e-01 -1.210000e+00 1.531406e+00 -2.000204e+00 2.722500e+00 -3.920400e+00 6.125625e+00 -1.089000e+01 2.450250e+01 -9.801000e+01 1.795855e+02 -9.801000e+01 2.450250e+01 -1.089000e+01 6.125625e+00 -3.920400e+00 2.722500e+00 -2.000204e+00 1.531406e+00 -1.210000e+00 9.801000e-01 -8.100000e-01 6.806250e-01 -5.799408e-01 5.000510e-01 -4.356000e-01 3.828516e-01 -3.391349e-01 3.025000e-01 -2.714958e-01 2.450250e-01 -2.222449e-01 2.025000e-01 -1.852741e-01 1.701563e-01 -1.568160e-01 1.449852e-01 -1.344444e-01 1.250128e-01 -1.165398e-01 1.089000e-01 -1.019875e-01 9.571289e-02 -9.000000e-02 8.478374e-02 -8.000816e-02 7.562500e-02 -7.159240e-02 6.787396e-02 -6.443787e-02 
-2.633969e-02 2.722500e-02 -2.815570e-02 2.913496e-02 -3.016620e-02 3.125319e-02 -3.240000e-02 3.361111e-02 -3.489142e-02 3.624630e-02 -3.768166e-02 3.920400e-02 -4.082049e-02 4.253906e-02 -4.436849e-02 4.631853e-02 -4.840000e-02 5.062500e-02 -5.300703e-02 5.556122e-02 -5.830458e-02 6.125625e-02 -6.443787e-02 6.787396e-02 -7.159240e-02 7.562500e-02 -8.000816e-02 8.478374e-02 -9.000000e-02 9.571289e-02 -1.019875e-01 1.089000e-01 -1.165398e-01 1.250128e-01 -1.344444e-01 1.449852e-01 -1.568160e-01 1.701563e-01 -1.852741e-01 2.025000e-01 -2.222449e-01 2.450250e-01 -2.714958e-01 3.025000e-01 -3.391349e-01 3.828516e-01 -4.356000e-01 5.000510e-01 -5.799408e-01 6.806250e-01 -8.100000e-01 9.801000e-01 -1.210000e+00 1.531406e+00 -2.000204e+00 2.722500e+00 -3.920400e+00 6.125625e+00 -1.089000e+01 2.450250e+01 -9.801000e+01 1.802027e+02 -9.801000e+01 2.450250e+01 -1.089000e+01 6.125625e+00 -3.920400e+00 2.722500e+00 -2.000204e+00 1.531406e+00 -1.210000e+00 9.801000e-01 -8.100000e-01 6.806250e-01 -5.799408e-01 5.000510e-01 -4.356000e-01 3.828516e-01 -3.391349e-01 3.025000e-01 -2.714958e-01 2.450250e-01 -2.222449e-01 2.025000e-01 -1.852741e-01 1.701563e-01 -1.568160e-01 1.449852e-01 -1.344444e-01 1.250128e-01 -1.165398e-01 1.089000e-01 -1.019875e-01 9.571289e-02 -9.000000e-02 8.478374e-02 -8.000816e-02 7.562500e-02 -7.159240e-02 6.787396e-02 
2.549688e-02 -2.633969e-02 2.722500e-02 -2.815570e-02 2.913496e-02 -3.016620e-02 3.125319e-02 -3.240000e-02 3.361111e-02 -3.489142e-02 3.624630e-02 -3.768166e-02 3.920400e-02 -4.082049e-02 4.253906e-02 -4.436849e-02 4.631853e-02 -4.840000e-02 5.062500e-02 -5.300703e-02 5.556122e-02 -5.830458e-02 6.125625e-02 -6.443787e-02 6.787396e-02 -7.159240e-02 7.562500e-02 -8.000816e-02 8.478374e-02 -9.000000e-02 9.571289e-02 -1.019875e-01 1.089000e-01 -1.165398e-01 1.250128e-01 -1.344444e-01 1.449852e-01 -1.568160e-01 1.701563e-01 -1.852741e-01 2.025000e-01 -2.222449e-01 2.450250e-01 -2.714958e-01 3.025000e-01 -3.391349e-01 3.828516e-01 -4.356000e-01 5.000510e-01 -5.799408e-01 6.806250e-01 -8.100000e-01 9.801000e-01 -1.210000e+00 1.531406e+00 -2.000204e+00 2.722500e+00 -3.920400e+00 6.125625e+00 -1.089000e+01 2.450250e+01 -9.801000e+01 1.808302e+02 -9.801000e+01 2.450250e+01 -1.089000e+01 6.125625e+00 -3.920400e+00 2.722500e+00 -2.000204e+00 1.531406e+00 -1.210000e+00 9.801000e-01 -8.100000e-01 6.806250e-01 -5.799408e-01 5.000510e-01 -4.356000e-01 3.828516e-01 -3.391349e-01 3.025000e-01 -2.714958e-01 2.450250e-01 -2.222449e-01 2.025000e-01 -1.852741e-01 1.701563e-01 -1.568160e-01 1.449852e-01 -1.344444e-01 1.250128e-01 -1.165398e-01 1.089000e-01 -1.019875e-01 9.571289e-02 -9.000000e-02 8.478374e-02 -8.000816e-02 7.562500e-02 -7.159240e-02 
-2.469388e-02 2.549688e-02 -2.633969e-02 2.722500e-02 -2.815570e-02 2.913496e-02 -3.016620e-02 3.125319e-02 -3.240000e-02 3.361111e-02 -3.489142e-02 3.624630e-02 -3.768166e-02 3.920400e-02 -4.082049e-02 4.253906e-02 -4.436849e-02 4.631853e-02 -4.840000e-02 5.062500e-02 -5.300703e-02 5.556122e-02 -5.830458e-02 6.125625e-02 -6.443787e-02 6.787396e-02 -7.159240e-02 7.562500e-02 -8.000816e-02 8.478374e-02 -9.000000e-02 9.571289e-02 -1.019875e-01 1.089000e-01 -1.165398e-01 1.250128e-01 -1.344444e-01 1.449852e-01 -1.568160e-01 1.701563e-01 -1.852741e-01 2.025000e-01 -2.222449e-01 2.450250e-01 -2.714958e-01 3.025000e-01 -3.391349e-01 3.828516e-01 -4.356000e-01 5.000510e-01 -5.799408e-01 6.806250e-01 -8.100000e-01 9.801000e-01 -1.210000e+00 1.531406e+00 -2.000204e+00 2.722500e+00 -3.920400e+00 6.125625e+00 -1.089000e+01 2.450250e+01 -9.801000e+01 1.814679e+02 -9.801000e+01 2.450250e+01 -1.089000e+01 6.125625e+00 -3.920400e+00 2.722500e+00 -2.000204e+00 1.531406e+00 -1.210000e+00 9.801000e-01 -8.100000e-01 6.806250e-01 -5.799408e-01 5.000510e-01 -4.356000e-01 3.828516e-01 -3.391349e-01 3.025000e-01 -2.714958e-01 2.450250e-01 -2.222449e-01 2.025000e-01 -1.852741e-01 1.701563e-01 -1.568160e-01 1.449852e-01 -1.344444e-01 1.250128e-01 -1.165398e-01 1.089000e-01 -1.019875e-01 9.571289e-02 -9.000000e-02 8.478374e-02 -8.000816e-02 7.562500e-02 
2.392822e-02 -2.469388e-02 2.549688e-02 -2.633969e-02 2.722500e-02 -2.815570e-02 2.913496e-02 -3.016620e-02 3.125319e-02 -3.240000e-02 3.361111e-02 -3.489142e-02 3.624630e-02 -3.768166e-02 3.920400e-02 -4.082049e-02 4.253906e-02 -4.436849e-02 4.631853e-02 -4.840000e-02 5.062500e-02 -5.300703e-02 5.556122e-02 -5.830458e-02 6.125625e-02 -6.443787e-02 6.787396e-02 -7.159240e-02 7.562500e-02 -8.000816e-02 8.478374e-02 -9.000000e-02 9.571289e-02 -1.019875e-01 1.089000e-01 -1.165398e-01 1.250128e-01 -1.344444e-01 1.449852e-01 -1.568160e-01 1.701563e-01 -1.852741e-01 2.025000e-01 -2.222449e-01 2.450250e-01 -2.714958e-01 3.025000e-01 -3.391349e-01 3.828516e-01 -4.356000e-01 5.000510e-01 -5.799408e-01 6.806250e-01 -8.100000e-01 9.801000e-01 -1.210000e+00 1.531406e+00 -2.000204e+00 2.722500e+00 -3.920400e+00 6.125625e+00 -1.089000e+01 2.450250e+01 -9.801000e+01 1.821158e+02 -9.801000e+01 2.450250e+01 -1.089000e+01 6.125625e+00 -3.920400e+00 2.722500e+00 -2.000204e+00 1.531406e+00 -1.210000e+00 9.801000e-01 -8.100000e-01 6.806250e-01 -5.799408e-01 5.000510e-01 -4.356000e-01 3.828516e-01 -3.391349e-01 3.025000e-01 -2.714958e-01 2.450250e-01 -2.222449e-01 2.025000e-01 -1.852741e-01 1.701563e-01 -1.568160e-01 1.449852e-01 -1.344444e-01 1.250128e-01 -1.165398e-01 1.089000e-01 -1.019875e-01 9.571289e-02 -9.000000e-02 8.478374e-02 -8.000816e-02 
-2.319763e-02 2.392822e-02 -2.469388e-02 2.549688e-02 -2.633969e-02 2.722500e-02 -2.815570e-02 2.913496e-02 -3.016620e-02 3.125319e-02 -3.240000e-02 3.361111e-02 -3.489142e-02 3.624630e-02 -3.768166e-02 3.920400e-02 -4.082049e-02 4.253906e-02 -4.436849e-02 4.631853e-02 -4.840000e-02 5.062500e-02 -5.300703e-02 5.556122e-02 -5.830458e-02 6.125625e-02 -6.443787e-02 6.787396e-02 -7.159240e-02 7.562500e-02 -8.000816e-02 8.478374e-02 -9.000000e-02 9.571289e-02 -1.019875e-01 1.089000e-01 -1.165398e-01 1.250128e-01 -1.344444e-01 1.449852e-01 -1.568160e-01 1.701563e-01 -1.852741e-01 2.025000e-01 -2.222449e-01 2.450250e-01 -2.714958e-01 3.025000e-01 -3.391349e-01 3.828516e-01 -4.356000e-01 5.000510e-01 -5.799408e-01 6.806250e-01 -8.100000e-01 9.801000e-01 -1.210000e+00 1.531406e+00 -2.000204e+00 2.722500e+00 -3.920400e+00 6.125625e+00 -1.089000e+01 2.450250e+01 -9.801000e+01 1.827739e+02 -9.801000e+01 2.450250e+01 -1.089000e+01 6.125625e+00 -3.920400e+00 2.722500e+00 -2.000204e+00 1.531406e+00 -1.210000e+00 9.801000e-01 -8.100000e-01 6.806250e-01 -5.799408e-01 5.000510e-01 -4.356000e-01 3.828516e-01 -3.391349e-01 3.025000e-01 -2.714958e-01 2.450250e-01 -2.222449e-01 2.025000e-01 -1.852741e-01 1.701563e-01 -1.568160e-01 1.449852e-01 -1.344444e-01 1.250128e-01 -1.165398e-01 1.089000e-01 -1.019875e-01 9.571289e-02 -9.000000e-02 8.478374e-02 
2.250000e-02 -2.319763e-02 2.392822e-02 -2.469388e-02 2.549688e-02 -2.633969e-02 2.722500e-02 -2.815570e-02 2.913496e-02 -3.016620e-02 3.125319e-02 -3.240000e-02 3.361111e-02 -3.489142e-02 3.624630e-02 -3.768166e-02 3.920400e-02 -4.082049e-02 4.253906e-02 -4.436849e-02 4.631853e-02 -4.840000e-02 5.062500e-02 -5.300703e-02 5.556122e-02 -5.830458e-02 6.125625e-02 -6.443787e-02 6.787396e-02 -7.159240e-02 7.562500e-02 -8.000816e-02 8.478374e-02 -9.000000e-02 9.571289e-02 -1.019875e-01 1.089000e-01 -1.165398e-01 1.250128e-01 -1.344444e-01 1.449852e-01 -1.568160e-01 1.701563e-01 -1.852741e-01 2.025000e-01 -2.222449e-01 2.450250e-01 -2.714958e-01 3.025000e-01 -3.391349e-01 3.828516e-01 -4.356000e-01 5.000510e-01 -5.799408e-01 6.806250e-01 -8.100000e-01 9.801000e-01 -1.210000e+00 1.531406e+00 -2.000204e+00 2.722500e+00 -3.920400e+00 6.125625e+00 -1.089000e+01 2.450250e+01 -9.801000e+01 1.834422e+02 -9.801000e+01 2.450250e+01 -1.089000e+01 6.125625e+00 -3.920400e+00 2.722500e+00 -2.000204e+00 1.531406e+00 -1.210000e+00 9.801000e-01 -8.100000e-01 6.806250e-01 -5.799408e-01 5.000510e-01 -4.356000e-01 3.828516e-01 -3.391349e-01 3.025000e-01 -2.714958e-01 2.450250e-01 -2.222449e-01 2.025000e-01 -1.852741e-01 1.701563e-01 -1.568160e-01 1.449852e-01 -1.344444e-01 1.250128e-01 -1.165398e-01 1.089000e-01 -1.019875e-01 9.571289e-02 -9.000000e-02 
-2.183337e-02 2.250000e-02 -2.319763e-02 2.392822e-02 -2.469388e-02 2.549688e-02 -2.633969e-02 2.722500e-02 -2.815570e-02 2.913496e-02 -3.016620e-02 3.125319e-02 -3.240000e-02 3.361111e-02 -3.489142e-02 3.624630e-02 -3.768166e-02 3.920400e-02 -4.082049e-02 4.253906e-02 -4.436849e-02 4.631853e-02 -4.840000e-02 5.062500e-02 -5.300703e-02 5.556122e-02 -5.830458e-02 6.125625e-02 -6.443787e-02 6.787396e-02 -7.159240e-02 7.562500e-02 -8.000816e-02 8.478374e-02 -9.000000e-02 9.571289e-02 -1.019875e-01 1.089000e-01 -1.165398e-01 1.250128e-01 -1.344444e-01 1.449852e-01 -1.568160e-01 1.701563e-01 -1.852741e-01 2.025000e-01 -2.222449e-01 2.450250e-01 -2.714958e-01 3.025000e-01 -3.391349e-01 3.828516e-01 -4.356000e-01 5.000510e-01 -5.799408e-01 6.806250e-01 -8.100000e-01 9.801000e-01 -1.210000e+00 1.531406e+00 -2.000204e+00 2.722500e+00 -3.920400e+00 6.125625e+00 -1.089000e+01 2.450250e+01 -9.801000e+01 1.841207e+02 -9.801000e+01 2.450250e+01 -1.089000e+01 6.125625e+00 -3.920400e+00 2.722500e+00 -2.000204e+00 1.531406e+00 -1.210000e+00 9.801000e-01 -8.100000e-01 6.806250e-01 -5.799408e-01 5.000510e-01 -4.356000e-01 3.828516e-01 -3.391349e-01 3.025000e-01 -2.714958e-01 2.450250e-01 -2.222449e-01 2.025000e-01 -1.852741e-01 1.701563e-01 -1.568160e-01 1.449852e-01 -1.344444e-01 1.250128e-01 -1.165398e-01 1.089000e-01 -1.019875e-01 9.571289e-02 
2.119593e-02 -2.183337e-02 2.250000e-02 -2.319763e-02 2.392822e-02 -2.469388e-02 2.549688e-02 -2.633969e-02 2.722500e-02 -2.815570e-02 2.913496e-02 -3.016620e-02 3.125319e-02 -3.240000e-02 3.361111e-02 -3.489142e-02 3.624630e-02 -3.768166e-02 3.920400e-02 -4.082049e-02 4.253906e-02 -4.436849e-02 4.631853e-02 -4.840000e-02 5.062500e-02 -5.300703e-02 5.556122e-02 -5.830458e-02 6.125625e-02 -6.443787e-02 6.787396e-02 -7.159240e-02 7.562500e-02 -8.000816e-02 8.478374e-02 -9.000000e-02 9.571289e-02 -1.019875e-01 1.089000e-01 -1.165398e-01 1.250128e-01 -1.344444e-01 1.449852e-01 -1.568160e-01 1.701563e-01 -1.852741e-01 2.025000e-01 -2.222449e-01 2.450250e-01 -2.714958e-01 3.025000e-01 -3.391349e-01 3.828516e-01 -4.356000e-01 5.000510e-01 -5.799408e-01 6.806250e-01 -8.100000e-01 9.801000e-01 -1.210000e+00 1.531406e+00 -2.000204e+00 2.722500e+00 -3.920400e+00 6.125625e+00 -1.089000e+01 2.450250e+01 -9.801000e+01 1.848094e+02 -9.801000e+01 2.450250e+01 -1.089000e+01 6.125625e+00 -3.920400e+00 2.722500e+00 -2.000204e+00 1.531406e+00 -1.210000e+00 9.801000e-01 -8.100000e-01 6.806250e-01 -5.799408e-01 5.000510e-01 -4.356000e-01 3.828516e-01 -3.391349e-01 3.025000e-01 -2.714958e-01 2.450250e-01 -2.222449e-01 2.025000e-01 -1.852741e-01 1.701563e-01 -1.568160e-01 1.449852e-01 -1.344444e-01 1.250128e-01 -1.165398e-01 1.089000e-01 -1.019875e-01 
-2.058601e-02 2.119593e-02 -2.183337e-02 2.250000e-02 -2.319763e-02 2.392822e-02 -2.469388e-02 2.549688e-02 -2.633969e-02 2.722500e-02 -2.815570e-02 2.913496e-02 -3.016620e-02 3.125319e-02 -3.240000e-02 3.361111e-02 -3.489142e-02 3.624630e-02 -3.768166e-02 3.920400e-02 -4.082049e-02 4.253906e-02 -4.436849e-02 4.631853e-02 -4.840000e-02 5.062500e-02 -5.300703e-02 5.556122e-02 -5.830458e-02 6.125625e-02 -6.443787e-02 6.787396e-02 -7.159240e-02 7.562500e-02 -8.000816e-02 8.478374e-02 -9.000000e-02 9.571289e-02 -1.019875e-01 1.089000e-01 -1.165398e-01 1.250128e-01 -1.344444e-01 1.449852e-01 -1.568160e-01 1.701563e-01 -1.852741e-01 2.025000e-01 -2.222449e-01 2.450250e-01 -2.714958e-01 3.025000e-01 -3.391349e-01 3.828516e-01 -4.356000e-01 5.000510e-01 -5.799408e-01 6.806250e-01 -8.100000e-01 9.801000e-01 -1.210000e+00 1.531406e+00 -2.000204e+00 2.722500e+00 -3.920400e+00 6.125625e+00 -1.089000e+01 2.450250e+01 -9.801000e+01 1.855083e+02 -9.801000e+01 2.450250e+01 -1.089000e+01 6.125625e+00 -3.920400e+00 2.722500e+00 -2.000204e+00 1.531406e+00 -1.210000e+00 9.801000e-01 -8.100000e-01 6.806250e-01 -5.799408e-01 5.000510e-01 -4.356000e-01 3.828516e-01 -3.391349e-01 3.025000e-01 -2.714958e-01 2.450250e-01 -2.222449e-01 2.025000e-01 -1.852741e-01 1.701563e-01 -1.568160e-01 1.449852e-01 -1.344444e-01 1.250128e-01 -1.165398e-01 1.089000e-01 
2.000204e-02 -2.058601e-02 2.119593e-02 -2.183337e-02 2.250000e-02 -2.319763e-02 2.392822e-02 -2.469388e-02 2.549688e-02 -2.633969e-02 2.722500e-02 -2.815570e-02 2.913496e-02 -3.016620e-02 3.125319e-02 -3.240000e-02 3.361111e-02 -3.489142e-02 3.624630e-02 -3.768166e-02 3.920400e-02 -4.082049e-02 4.253906e-02 -4.436849e-02 4.631853e-02 -4.840000e-02 5.062500e-02 -5.300703e-02 5.556122e-02 -5.830458e-02 6.125625e-02 -6.443787e-02 6.787396e-02 -7.159240e-02 7.562500e-02 -8.000816e-02 8.478374e-02 -9.000000e-02 9.571289e-02 -1.019875e-01 1.089000e-01 -1.165398e-01 1.250128e-01 -1.344444e-01 1.449852e-01 -1.568160e-01 1.701563e-01 -1.852741e-01 2.025000e-01 -2.222449e-01 2.450250e-01 -2.714958e-01 3.025000e-01 -3.391349e-01 3.828516e-01 -4.356000e-01 5.000510e-01 -5.799408e-01 6.806250e-01 -8.100000e-01 9.801000e-01 -1.210000e+00 1.531406e+00 -2.000204e+00 2.722500e+00 -3.920400e+00 6.125625e+00 -1.089000e+01 2.450250e+01 -9.801000e+01 1.862174e+02 -9.801000e+01 2.450250e+01 -1.089000e+01 6.125625e+00 -3.920400e+00 2.722500e+00 -2.000204e+00 1.531406e+00 -1.210000e+00 9.801000e-01 -8.100000e-01 6.806250e-01 -5.799408e-01 5.000510e-01 -4.356000e-01 3.828516e-01 -3.391349e-01 3.025000e-01 -2.714958e-01 2.450250e-01 -2.222449e-01 2.025000e-01 -1.852741e-01 1.701563e-01 -1.568160e-01 1.449852e-01 -1.344444e-01 1.250128e-01 -1.165398e-01 
-1.944257e-02 2.000204e-02 -2.058601e-02 2.119593e-02 -2.183337e-02 2.250000e-02 -2.319763e-02 2.392822e-02 -2.469388e-02 2.549688e-02 -2.633969e-02 2.722500e-02 -2.815570e-02 2.913496e-02 -3.016620e-02 3.125319e-02 -3.240000e-02 3.361111e-02 -3.489142e-02 3.624630e-02 -3.768166e-02 3.920400e-02 -4.082049e-02 4.253906e-02 -4.436849e-02 4.631853e-02 -4.840000e-02 5.062500e-02 -5.300703e-02 5.556122e-02 -5.830458e-02 6.125625e-02 -6.443787e-02 6.787396e-02 -7.159240e-02 7.562500e-02 -8.000816e-02 8.478374e-02 -9.000000e-02 9.571289e-02 -1.019875e-01 1.089000e-01 -1.165398e-01 1.250128e-01 -1.344444e-01 1.449852e-01 -1.568160e-01 1.701563e-01 -1.852741e-01 2.025000e-01 -2.222449e-01 2.450250e-01 -2.714958e-01 3.025000e-01 -3.391349e-01 3.828516e-01 -4.356000e-01 5.000510e-01 -5.799408e-01 6.806250e-01 -8.100000e-01 9.801000e-01 -1.210000e+00 1.531406e+00 -2.000204e+00 2.722500e+00 -3.920400e+00 6.125625e+00 -1.089000e+01 2.450250e+01 -9.801000e+01 1.869368e+02 -9.801000e+01 2.450250e+01 -1.089000e+01 6.125625e+00 -3.920400e+00 2.722500e+00 -2.000204e+00 1.531406e+00 -1.210000e+00 9.801000e-01 -8.100000e-01 6.806250e-01 -5.799408e-01 5.000510e-01 -4.356000e-01 3.828516e-01 -3.391349e-01 3.025000e-01 -2.714958e-01 2.450250e-01 -2.222449e-01 2.025000e-01 -1.852741e-01 1.701563e-01 -1.568160e-01 1.449852e-01 -1.344444e-01 1.250128e-01 
1.890625e-02 -1.944257e-02 2.000204e-02 -2.058601e-02 2.119593e-02 -2.183337e-02 2.250000e-02 -2.319763e-02 2.392822e-02 -2.469388e-02 2.549688e-02 -2.633969e-02 2.722500e-02 -2.815570e-02 2.913496e-02 -3.016620e-02 3.125319e-02 -3.240000e-02 3.361111e-02 -3.489142e-02 3.624630e-02 -3.768166e-02 3.920400e-02 -4.082049e-02 4.253906e-02 -4.436849e-02 4.631853e-02 -4.840000e-02 5.062500e-02 -5.300703e-02 5.556122e-02 -5.830458e-02 6.125625e-02 -6.443787e-02 6.787396e-02 -7.159240e-02 7.562500e-02 -8.000816e-02 8.478374e-02 -9.000000e-02 9.571289e-02 -1.019875e-01 1.089000e-01 -1.165398e-01 1.250128e-01 -1.344444e-01 1.449852e-01 -1.568160e-01 1.701563e-01 -1.852741e-01 2.025000e-01 -2.222449e-01 2.450250e-01 -2.714958e-01 3.025000e-01 -3.391349e-01 3.828516e-01 -4.356000e-01 5.000510e-01 -5.799408e-01 6.806250e-01 -8.100000e-01 9.801000e-01 -1.210000e+00 1.531406e+00 -2.000204e+00 2.722500e+00 -3.920400e+00 6.125625e+00 -1.089000e+01 2.450250e+01 -9.801000e+01 1.876663e+02 -9.801000e+01 2.450250e+01 -1.089000e+01 6.125625e+00 -3.920400e+00 2.722500e+00 -2.000204e+00 1.531406e+00 -1.210000e+00 9.801000e-01 -8.100000e-01 6.806250e-01 -5.799408e-01 5.000510e-01 -4.356000e-01 3.828516e-01 -3.391349e-01 3.025000e-01 -2.714958e-01 2.450250e-01 -2.222449e-01 2.025000e-01 -1.852741e-01 1.701563e-01 -1.568160e-01 1.449852e-01 -1.344444e-01 
-1.839182e-02 1.890625e-02 -1.944257e-02 2.000204e-02 -2.058601e-02 2.119593e-02 -2.183337e-02 2.250000e-02 -2.319763e-02 2.392822e-02 -2.469388e-02 2.549688e-02 -2.633969e-02 2.722500e-02 -2.815570e-02 2.913496e-02 -3.016620e-02 3.125319e-02 -3.240000e-02 3.361111e-02 -3.489142e-02 3.624630e-02 -3.768166e-02 3.920400e-02 -4.082049e-02 4.253906e-02 -4.436849e-02 4.631853e-02 -4.840000e-02 5.062500e-02 -5.300703e-02 5.556122e-02 -5.830458e-02 6.125625e-02 -6.443787e-02 6.787396e-02 -7.159240e-02 7.562500e-02 -8.000816e-02 8.478374e-02 -9.000000e-02 9.571289e-02 -1.019875e-01 1.089000e-01 -1.165398e-01 1.250128e-01 -1.344444e-01 1.449852e-01 -1.568160e-01 1.701563e-01 -1.852741e-01 2.025000e-01 -2.222449e-01 2.450250e-01 -2.714958e-01 3.025000e-01 -3.391349e-01 3.828516e-01 -4.356000e-01 5.000510e-01 -5.799408e-01 6.806250e-01 -8.100000e-01 9.801000e-01 -1.210000e+00 1.531406e+00 -2.000204e+00 2.722500e+00 -3.920400e+00 6.125625e+00 -1.089000e+01 2.450250e+01 -9.801000e+01 1.884060e+02 -9.801000e+01 2.450250e+01 -1.089000e+01 6.125625e+00 -3.920400e+00 2.722500e+00 -2.000204e+00 1.531406e+00 -1.210000e+00 9.801000e-01 -8.100000e-01 6.806250e-01 -5.799408e-01 5.000510e-01 -4.356000e-01 3.828516e-01 -3.391349e-01 3.025000e-01 -2.714958e-01 2.450250e-01 -2.222449e-01 2.025000e-01 -1.852741e-01 1.701563e-01 -1.568160e-01 1.449852e-01 
1.789810e-02 -1.839182e-02 1.890625e-02 -1.944257e-02 2.000204e-02 -2.058601e-02 2.119593e-02 -2.183337e-02 2.250000e-02 -2.319763e-02 2.392822e-02 -2.469388e-02 2.549688e-02 -2.633969e-02 2.722500e-02 -2.815570e-02 2.913496e-02 -3.016620e-02 3.125319e-02 -3.240000e-02 3.361111e-02 -3.489142e-02 3.624630e-02 -3.768166e-02 3.920400e-02 -4.082049e-02 4.253906e-02 -4.436849e-02 4.631853e-02 -4.840000e-02 5.062500e-02 -5.300703e-02 5.556122e-02 -5.830458e-02 6.125625e-02 -6.443787e-02 6.787396e-02 -7.159240e-02 7.562500e-02 -8.000816e-02 8.478374e-02 -9.000000e-02 9.571289e-02 -1.019875e-01 1.089000e-01 -1.165398e-01 1.250128e-01 -1.344444e-01 1.449852e-01 -1.568160e-01 1.701563e-01 -1.852741e-01 2.025000e-01 -2.222449e-01 2.450250e-01 -2.714958e-01 3.025000e-01 -3.391349e-01 3.828516e-01 -4.356000e-01 5.000510e-01 -5.799408e-01 6.806250e-01 -8.100000e-01 9.801000e-01 -1.210000e+00 1.531406e+00 -2.000204e+00 2.722500e+00 -3.920400e+00 6.125625e+00 -1.089000e+01 2.450250e+01 -9.801000e+01 1.891559e+02 -9.801000e+01 2.450250e+01 -1.089000e+01 6.125625e+00 -3.920400e+00 2.722500e+00 -2.000204e+00 1.531406e+00 -1.210000e+00 9.801000e-01 -8.100000e-01 6.806250e-01 -5.799408e-01 5.000510e-01 -4.356000e-01 3.828516e-01 -3.391349e-01 3.025000e-01 -2.714958e-01 2.450250e-01 -2.222449e-01 2.025000e-01 -1.852741e-01 1.701563e-01 -1.568160e-01 
-1.742400e-02 1.789810e-02 -1.839182e-02 1.890625e-02 -1.944257e-02 2.000204e-02 -2.058601e-02 2.119593e-02 -2.183337e-02 2.250000e-02 -2.319763e-02 2.392822e-02 -2.469388e-02 2.549688e-02 -2.633969e-02 2.722500e-02 -2.815570e-02 2.913496e-02 -3.016620e-02 3.125319e-02 -3.240000e-02 3.361111e-02 -3.489142e-02 3.624630e-02 -3.768166e-02 3.920400e-02 -4.082049e-02 4.253906e-02 -4.436849e-02 4.631853e-02 -4.840000e-02 5.062500e-02 -5.300703e-02 5.556122e-02 -5.830458e-02 6.125625e-02 -6.443787e-02 6.787396e-02 -7.159240e-02 7.562500e-02 -8.000816e-02 8.478374e-02 -9.000000e-02 9.571289e-02 -1.019875e-01 1.089000e-01 -1.165398e-01 1.250128e-01 -1.344444e-01 1.449852e-01 -1.568160e-01 1.701563e-01 -1.852741e-01 2.025000e-01 -2.222449e-01 2.450250e-01 -2.714958e-01 3.025000e-01 -3.391349e-01 3.828516e-01 -4.356000e-01 5.000510e-01 -5.799408e-01 6.806250e-01 -8.100000e-01 9.801000e-01 -1.210000e+00 1.531406e+00 -2.000204e+00 2.722500e+00 -3.920400e+00 6.125625e+00 -1.089000e+01 2.450250e+01 -9.801000e+01 1.899160e+02 -9.801000e+01 2.450250e+01 -1.089000e+01 6.125625e+00 -3.920400e+00 2.722500e+00 -2.000204e+00 1.531406e+00 -1.210000e+00 9.801000e-01 -8.100000e-01 6.806250e-01 -5.799408e-01 5.000510e-01 -4.356000e-01 3.828516e-01 -3.391349e-01 3.025000e-01 -2.714958e-01 2.450250e-01 -2.222449e-01 2.025000e-01 -1.852741e-01 1.701563e-01 
1.696849e-02 -1.742400e-02 1.789810e-02 -1.839182e-02 1.890625e-02 -1.944257e-02 2.000204e-02 -2.058601e-02 2.119593e-02 -2.183337e-02 2.250000e-02 -2.319763e-02 2.392822e-02 -2.469388e-02 2.549688e-02 -2.633969e-02 2.722500e-02 -2.815570e-02 2.913496e-02 -3.016620e-02 3.125319e-02 -3.240000e-02 3.361111e-02 -3.489142e-02 3.624630e-02 -3.768166e-02 3.920400e-02 -4.082049e-02 4.253906e-02 -4.436849e-02 4.631853e-02 -4.840000e-02 5.062500e-02 -5.300703e-02 5.556122e-02 -5.830458e-02 6.125625e-02 -6.443787e-02 6.787396e-02 -7.159240e-02 7.562500e-02 -8.000816e-02 8.478374e-02 -9.000000e-02 9.571289e-02 -1.019875e-01 1.089000e-01 -1.165398e-01 1.250128e-01 -1.344444e-01 1.449852e-01 -1.568160e-01 1.701563e-01 -1.852741e-01 2.025000e-01 -2.222449e-01 2.450250e-01 -2.714958e-01 3.025000e-01 -3.391349e-01 3.828516e-01 -4.356000e-01 5.000510e-01 -5.799408e-01 6.806250e-01 -8.100000e-01 9.801000e-01 -1.210000e+00 1.531406e+00 -2.000204e+00 2.722500e+00 -3.920400e+00 6.125625e+00 -1.089000e+01 2.450250e+01 -9.801000e+01 1.906864e+02 -9.801000e+01 2.450250e+01 -1.089000e+01 6.125625e+00 -3.920400e+00 2.722500e+00 -2.000204e+00 1.531406e+00 -1.210000e+00 9.801000e-01 -8.100000e-01 6.806250e-01 -5.799408e-01 5.000510e-01 -4.356000e-01 3.828516e-01 -3.391349e-01 3.025000e-01 -2.714958e-01 2.450250e-01 -2.222449e-01 2.025000e-01 -1.852741e-01 
-1.653061e-02 1.696849e-02 -1.742400e-02 1.789810e-02 -1.839182e-02 1.890625e-02 -1.944257e-02 2.000204e-02 -2.058601e-02 2.119593e-02 -2.183337e-02 2.250000e-02 -2.319763e-02 2.392822e-02 -2.469388e-02 2.549688e-02 -2.633969e-02 2.722500e-02 -2.815570e-02 2.913496e-02 -3.016620e-02 3.125319e-02 -3.240000e-02 3.361111e-02 -3.489142e-02 3.624630e-02 -3.768166e-02 3.920400e-02 -4.082049e-02 4.253906e-02 -4.436849e-02 4.631853e-02 -4.840000e-02 5.062500e-02 -5.300703e-02 5.556122e-02 -5.830458e-02 6.125625e-02 -6.443787e-02 6.787396e-02 -7.159240e-02 7.562500e-02 -8.000816e-02 8.478374e-02 -9.000000e-02 9.571289e-02 -1.019875e-01 1.089000e-01 -1.165398e-01 1.250128e-01 -1.344444e-01 1.449852e-01 -1.568160e-01 1.701563e-01 -1.852741e-01 2.025000e-01 -2.222449e-01 2.450250e-01 -2.714958e-01 3.025000e-01 -3.391349e-01 3.828516e-01 -4.356000e-01 5.000510e-01 -5.799408e-01 6.806250e-01 -8.100000e-01 9.801000e-01 -1.210000e+00 1.531406e+00 -2.000204e+00 2.722500e+00 -3.920400e+00 6.125625e+00 -1.089000e+01 2.450250e+01 -9.801000e+01 1.914669e+02 -9.801000e+01 2.450250e+01 -1.089000e+01 6.125625e+00 -3.920400e+00 2.722500e+00 -2.000204e+00 1.531406e+00 -1.210000e+00 9.801000e-01 -8.100000e-01 6.806250e-01 -5.799408e-01 5.000510e-01 -4.356000e-01 3.828516e-01 -3.391349e-01 3.025000e-01 -2.714958e-01 2.450250e-01 -2.222449e-01 2.025000e-01 
1.610947e-02 -1.653061e-02 1.696849e-02 -1.742400e-02 1.789810e-02 -1.839182e-02 1.890625e-02 -1.944257e-02 2.000204e-02 -2.058601e-02 2.119593e-02 -2.183337e-02 2.250000e-02 -2.319763e-02 2.392822e-02 -2.469388e-02 2.549688e-02 -2.633969e-02 2.722500e-02 -2.815570e-02 2.913496e-02 -3.016620e-02 3.125319e-02 -3.240000e-02 3.361111e-02 -3.489142e-02 3.624630e-02 -3.768166e-02 3.920400e-02 -4.082049e-02 4.253906e-02 -4.436849e-02 4.631853e-02 -4.840000e-02 5.062500e-02 -5.300703e-02 5.556122e-02 -5.830458e-02 6.125625e-02 -6.443787e-02 6.787396e-02 -7.159240e-02 7.562500e-02 -8.000816e-02 8.478374e-02 -9.000000e-02 9.571289e-02 -1.019875e-01 1.089000e-01 -1.165398e-01 1.250128e-01 -1.344444e-01 1.449852e-01 -1.568160e-01 1.701563e-01 -1.852741e-01 2.025000e-01 -2.222449e-01 2.450250e-01 -2.714958e-01 3.025000e-01 -3.391349e-01 3.828516e-01 -4.356000e-01 5.000510e-01 -5.799408e-01 6.806250e-01 -8.100000e-01 9.801000e-01 -1.210000e+00 1.531406e+00 -2.000204e+00 2.722500e+00 -3.920400e+00 6.125625e+00 -1.089000e+01 2.450250e+01 -9.801000e+01 1.922576e+02 -9.801000e+01 2.450250e+01 -1.089000e+01 6.125625e+00 -3.920400e+00 2.722500e+00 -2.000204e+00 1.531406e+00 -1.210000e+00 9.801000e-01 -8.100000e-01 6.806250e-01 -5.799408e-01 5.000510e-01 -4.356000e-01 3.828516e-01 -3.391349e-01 3.025000e-01 -2.714958e-01 2.450250e-01 -2.222449e-01 
-1.570421e-02 1.610947e-02 -1.653061e-02 1.696849e-02 -1.742400e-02 1.789810e-02 -1.839182e-02 1.890625e-02 -1.944257e-02 2.000204e-02 -2.058601e-02 2.119593e-02 -2.183337e-02 2.250000e-02 -2.319763e-02 2.392822e-02 -2.469388e-02 2.549688e-02 -2.633969e-02 2.722500e-02 -2.815570e-02 2.913496e-02 -3.016620e-02 3.125319e-02 -3.240000e-02 3.361111e-02 -3.489142e-02 3.624630e-02 -3.768166e-02 3.920400e-02 -4.082049e-02 4.253906e-02 -4.436849e-02 4.631853e-02 -4.840000e-02 5.062500e-02 -5.300703e-02 5.556122e-02 -5.830458e-02 6.125625e-02 -6.443787e-02 6.787396e-02 -7.159240e-02 7.562500e-02 -8.000816e-02 8.478374e-02 -9.000000e-02 9.571289e-02 -1.019875e-01 1.089000e-01 -1.165398e-01 1.250128e-01 -1.344444e-01 1.449852e-01 -1.568160e-01 1.701563e-01 -1.852741e-01 2.025000e-01 -2.222449e-01 2.450250e-01 -2.714958e-01 3.025000e-01 -3.391349e-01 3.828516e-01 -4.356000e-01 5.000510e-01 -5.799408e-01 6.806250e-01 -8.100000e-01 9.801000e-01 -1.210000e+00 1.531406e+00 -2.000204e+00 2.722500e+00 -3.920400e+00 6.125625e+00 -1.089000e+01 2.450250e+01 -9.801000e+01 1.930586e+02 -9.801000e+01 2.450250e+01 -1.089000e+01 6.125625e+00 -3.920400e+00 2.722500e+00 -2.000204e+00 1.531406e+00 -1.210000e+00 9.801000e-01 -8.100000e-01 6.806250e-01 -5.799408e-01 5.000510e-01 -4.356000e-01 3.828516e-01 -3.391349e-01 3.025000e-01 -2.714958e-01 2.450250e-01 
1.531406e-02 -1.570421e-02 1.610947e-02 -1.653061e-02 1.696849e-02 -1.742400e-02 1.789810e-02 -1.839182e-02 1.890625e-02 -1.944257e-02 2.000204e-02 -2.058601e-02 2.119593e-02 -2.183337e-02 2.250000e-02 -2.319763e-02 2.392822e-02 -2.469388e-02 2.549688e-02 -2.633969e-02 2.722500e-02 -2.815570e-02 2.913496e-02 -3.016620e-02 3.125319e-02 -3.240000e-02 3.361111e-02 -3.489142e-02 3.624630e-02 -3.768166e-02 3.920400e-02 -4.082049e-02 4.253906e-02 -4.436849e-02 4.631853e-02 -4.840000e-02 5.062500e-02 -5.300703e-02 5.556122e-02 -5.830458e-02 6.125625e-02 -6.443787e-02 6.787396e-02 -7.159240e-02 7.562500e-02 -8.000816e-02 8.478374e-02 -9.000000e-02 9.571289e-02 -1.019875e-01 1.089000e-01 -1.165398e-01 1.250128e-01 -1.344444e-01 1.449852e-01 -1.568160e-01 1.701563e-01 -1.852741e-01 2.025000e-01 -2.222449e-01 2.450250e-01 -2.714958e-01 3.025000e-01 -3.391349e-01 3.828516e-01 -4.356000e-01 5.000510e-01 -5.799408e-01 6.806250e-01 -8.100000e-01 9.801000e-01 -1.210000e+00 1.531406e+00 -2.000204e+00 2.722500e+00 -3.920400e+00 6.125625e+00 -1.089000e+01 2.450250e+01 -9.801000e+01 1.938697e+02 -9.801000e+01 2.450250e+01 -1.089000e+01 6.125625e+00 -3.920400e+00 2.722500e+00 -2.000204e+00 1.531406e+00 -1.210000e+00 9.801000e-01 -8.100000e-01 6.806250e-01 -5.799408e-01 5.000510e-01 -4.356000e-01 3.828516e-01 -3.391349e-01 3.025000e-01 -2.714958e-01 
-1.493827e-02 1.531406e-02 -1.570421e-02 1.610947e-02 -1.653061e-02 1.696849e-02 -1.742400e-02 1.789810e-02 -1.839182e-02 1.890625e-02 -1.944257e-02 2.000204e-02 -2.058601e-02 2.119593e-02 -2.183337e-02 2.250000e-02 -2.319763e-02 2.392822e-02 -2.469388e-02 2.549688e-02 -2.633969e-02 2.722500e-02 -2.815570e-02 2.913496e-02 -3.016620e-02 3.125319e-02 -3.240000e-02 3.361111e-02 -3.489142e-02 3.624630e-02 -3.768166e-02 3.920400e-02 -4.082049e-02 4.253906e-02 -4.436849e-02 4.631853e-02 -4.840000e-02 5.062500e-02 -5.300703e-02 5.556122e-02 -5.830458e-02 6.125625e-02 -6.443787e-02 6.787396e-02 -7.159240e-02 7.562500e-02 -8.000816e-02 8.478374e-02 -9.000000e-02 9.571289e-02 -1.019875e-01 1.089000e-01 -1.165398e-01 1.250128e-01 -1.344444e-01 1.449852e-01 -1.568160e-01 1.701563e-01 -1.852741e-01 2.025000e-01 -2.222449e-01 2.450250e-01 -2.714958e-01 3.025000e-01 -3.391349e-01 3.828516e-01 -4.356000e-01 5.000510e-01 -5.799408e-01 6.806250e-01 -8.100000e-01 9.801000e-01 -1.210000e+00 1.531406e+00 -2.000204e+00 2.722500e+00 -3.920400e+00 6.125625e+00 -1.089000e+01 2.450250e+01 -9.801000e+01 1.946911e+02 -9.801000e+01 2.450250e+01 -1.089000e+01 6.125625e+00 -3.920400e+00 2.722500e+00 -2.000204e+00 1.531406e+00 -1.210000e+00 9.801000e-01 -8.100000e-01 6.806250e-01 -5.799408e-01 5.000510e-01 -4.356000e-01 3.828516e-01 -3.391349e-01 3.025000e-01 
1.457615e-02 -1.493827e-02 1.531406e-02 -1.570421e-02 1.610947e-02 -1.653061e-02 1.696849e-02 -1.742400e-02 1.789810e-02 -1.839182e-02 1.890625e-02 -1.944257e-02 2.000204e-02 -2.058601e-02 2.119593e-02 -2.183337e-02 2.250000e-02 -2.319763e-02 2.392822e-02 -2.469388e-02 2.549688e-02 -2.633969e-02 2.722500e-02 -2.815570e-02 2.913496e-02 -3.016620e-02 3.125319e-02 -3.240000e-02 3.361111e-02 -3.489142e-02 3.624630e-02 -3.768166e-02 3.920400e-02 -4.082049e-02 4.253906e-02 -4.436849e-02 4.631853e-02 -4.840000e-02 5.062500e-02 -5.300703e-02 5.556122e-02 -5.830458e-02 6.125625e-02 -6.443787e-02 6.787396e-02 -7.159240e-02 7.562500e-02 -8.000816e-02 8.478374e-02 -9.000000e-02 9.571289e-02 -1.019875e-01 1.089000e-01 -1.165398e-01 1.250128e-01 -1.344444e-01 1.449852e-01 -1.568160e-01 1.701563e-01 -1.852741e-01 2.025000e-01 -2.222449e-01 2.450250e-01 -2.714958e-01 3.025000e-01 -3.391349e-01 3.828516e-01 -4.356000e-01 5.000510e-01 -5.799408e-01 6.806250e-01 -8.100000e-01 9.801000e-01 -1.210000e+00 1.531406e+00 -2.000204e+00 2.722500e+00 -3.920400e+00 6.125625e+00 -1.089000e+01 2.450250e+01 -9.801000e+01 1.955226e+02 -9.801000e+01 2.450250e+01 -1.089000e+01 6.125625e+00 -3.920400e+00 2.722500e+00 -2.000204e+00 1.531406e+00 -1.210000e+00 9.801000e-01 -8.100000e-01 6.806250e-01 -5.799408e-01 5.000510e-01 -4.356000e-01 3.828516e-01 -3.391349e-01 
-1.422703e-02 1.457615e-02 -1.493827e-02 1.531406e-02 -1.570421e-02 1.610947e-02 -1.653061e-02 1.696849e-02 -1.742400e-02 1.789810e-02 -1.839182e-02 1.890625e-02 -1.944257e-02 2.000204e-02 -2.058601e-02 2.119593e-02 -2.183337e-02 2.250000e-02 -2.319763e-02 2.392822e-02 -2.469388e-02 2.549688e-02 -2.633969e-02 2.722500e-02 -2.815570e-02 2.913496e-02 -3.016620e-02 3.125319e-02 -3.240000e-02 3.361111e-02 -3.489142e-02 3.624630e-02 -3.768166e-02 3.920400e-02 -4.082049e-02 4.253906e-02 -4.436849e-02 4.631853e-02 -4.840000e-02 5.062500e-02 -5.300703e-02 5.556122e-02 -5.830458e-02 6.125625e-02 -6.443787e-02 6.787396e-02 -7.159240e-02 7.562500e-02 -8.000816e-02 8.478374e-02 -9.000000e-02 9.571289e-02 -1.019875e-01 1.089000e-01 -1.165398e-01 1.250128e-01 -1.344444e-01 1.449852e-01 -1.568160e-01 1.701563e-01 -1.852741e-01 2.025000e-01 -2.222449e-01 2.450250e-01 -2.714958e-01 3.025000e-01 -3.391349e-01 3.828516e-01 -4.356000e-01 5.000510e-01 -5.799408e-01 6.806250e-01 -8.100000e-01 9.801000e-01 -1.210000e+00 1.531406e+00 -2.000204e+00 2.722500e+00 -3.920400e+00 6.125625e+00 -1.089000e+01 2.450250e+01 -9.801000e+01 1.963644e+02 -9.801000e+01 2.450250e+01 -1.089000e+01 6.125625e+00 -3.920400e+00 2.722500e+00 -2.000204e+00 1.531406e+00 -1.210000e+00 9.801000e-01 -8.100000e-01 6.806250e-01 -5.799408e-01 5.000510e-01 -4.356000e-01 3.828516e-01 
1.389031e-02 -1.422703e-02 1.457615e-02 -1.493827e-02 1.531406e-02 -1.570421e-02 1.610947e-02 -1.653061e-02 1.696849e-02 -1.742400e-02 1.789810e-02 -1.839182e-02 1.890625e-02 -1.944257e-02 2.000204e-02 -2.058601e-02 2.119593e-02 -2.183337e-02 2.250000e-02 -2.319763e-02 2.392822e-02 -2.469388e-02 2.549688e-02 -2.633969e-02 2.722500e-02 -2.815570e-02 2.913496e-02 -3.016620e-02 3.125319e-02 -3.240000e-02 3.361111e-02 -3.489142e-02 3.624630e-02 -3.768166e-02 3.920400e-02 -4.082049e-02 4.253906e-02 -4.436849e-02 4.631853e-02 -4.840000e-02 5.062500e-02 -5.300703e-02 5.556122e-02 -5.830458e-02 6.125625e-02 -6.443787e-02 6.787396e-02 -7.159240e-02 7.562500e-02 -8.000816e-02 8.478374e-02 -9.000000e-02 9.571289e-02 -1.019875e-01 1.089000e-01 -1.165398e-01 1.250128e-01 -1.344444e-01 1.449852e-01 -1.568160e-01 1.701563e-01 -1.852741e-01 2.025000e-01 -2.222449e-01 2.450250e-01 -2.714958e-01 3.025000e-01 -3.391349e-01 3.828516e-01 -4.356000e-01 5.000510e-01 -5.799408e-01 6.806250e-01 -8.100000e-01 9.801000e-01 -1.210000e+00 1.531406e+00 -2.000204e+00 2.722500e+00 -3.920400e+00 6.125625e+00 -1.089000e+01 2.450250e+01 -9.801000e+01 1.972163e+02 -9.801000e+01 2.450250e+01 -1.089000e+01 6.125625e+00 -3.920400e+00 2.722500e+00 -2.000204e+00 1.531406e+00 -1.210000e+00 9.801000e-01 -8.100000e-01 6.806250e-01 -5.799408e-01 5.000510e-01 -4.356000e-01 
-1.356540e-02 1.389031e-02 -1.422703e-02 1.457615e-02 -1.493827e-02 1.531406e-02 -1.570421e-02 1.610947e-02 -1.653061e-02 1.696849e-02 -1.742400e-02 1.789810e-02 -1.839182e-02 1.890625e-02 -1.944257e-02 2.000204e-02 -2.058601e-02 2.119593e-02 -2.183337e-02 2.250000e-02 -2.319763e-02 2.392822e-02 -2.469388e-02 2.549688e-02 -2.633969e-02 2.722500e-02 -2.815570e-02 2.913496e-02 -3.016620e-02 3.125319e-02 -3.240000e-02 3.361111e-02 -3.489142e-02 3.624630e-02 -3.768166e-02 3.920400e-02 -4.082049e-02 4.253906e-02 -4.436849e-02 4.631853e-02 -4.840000e-02 5.062500e-02 -5.300703e-02 5.556122e-02 -5.830458e-02 6.125625e-02 -6.443787e-02 6.787396e-02 -7.159240e-02 7.562500e-02 -8.000816e-02 8.478374e-02 -9.000000e-02 9.571289e-02 -1.019875e-01 1.089000e-01 -1.165398e-01 1.250128e-01 -1.344444e-01 1.449852e-01 -1.568160e-01 1.701563e-01 -1.852741e-01 2.025000e-01 -2.222449e-01 2.450250e-01 -2.714958e-01 3.025000e-01 -3.391349e-01 3.828516e-01 -4.356000e-01 5.000510e-01 -5.799408e-01 6.806250e-01 -8.100000e-01 9.801000e-01 -1.210000e+00 1.531406e+00 -2.000204e+00 2.722500e+00 -3.920400e+00 6.125625e+00 -1.089000e+01 2.450250e+01 -9.801000e+01 1.980785e+02 -9.801000e+01 2.450250e+01 -1.089000e+01 6.125625e+00 -3.920400e+00 2.722500e+00 -2.000204e+00 1.531406e+00 -1.210000e+00 9.801000e-01 -8.100000e-01 6.806250e-01 -5.799408e-01 5.000510e-01 
1.325176e-02 -1.356540e-02 1.389031e-02 -1.422703e-02 1.457615e-02 -1.493827e-02 1.531406e-02 -1.570421e-02 1.610947e-02 -1.653061e-02 1.696849e-02 -1.742400e-02 1.789810e-02 -1.839182e-02 1.890625e-02 -1.944257e-02 2.000204e-02 -2.058601e-02 2.119593e-02 -2.183337e-02 2.250000e-02 -2.319763e-02 2.392822e-02 -2.469388e-02 2.549688e-02 -2.633969e-02 2.722500e-02 -2.815570e-02 2.913496e-02 -3.016620e-02 3.125319e-02 -3.240000e-02 3.361111e-02 -3.489142e-02 3.624630e-02 -3.768166e-02 3.920400e-02 -4.082049e-02 4.253906e-02 -4.436849e-02 4.631853e-02 -4.840000e-02 5.062500e-02 -5.300703e-02 5.556122e-02 -5.830458e-02 6.125625e-02 -6.443787e-02 6.787396e-02 -7.159240e-02 7.562500e-02 -8.000816e-02 8.478374e-02 -9.000000e-02 9.571289e-02 -1.019875e-01 1.089000e-01 -1.165398e-01 1.250128e-01 -1.344444e-01 1.449852e-01 -1.568160e-01 1.701563e-01 -1.852741e-01 2.025000e-01 -2.222449e-01 2.450250e-01 -2.714958e-01 3.025000e-01 -3.391349e-01 3.828516e-01 -4.356000e-01 5.000510e-01 -5.799408e-01 6.806250e-01 -8.100000e-01 9.801000e-01 -1.210000e+00 1.531406e+00 -2.000204e+00 2.722500e+00 -3.920400e+00 6.125625e+00 -1.089000e+01 2.450250e+01 -9.801000e+01 1.989508e+02 -9.801000e+01 2.450250e+01 -1.089000e+01 6.125625e+00 -3.920400e+00 2.722500e+00 -2.000204e+00 1.531406e+00 -1.210000e+00 9.801000e-01 -8.100000e-01 6.806250e-01 -5.799408e-01 
-1.294887e-02 1.325176e-02 -1.356540e-02 1.389031e-02 -1.422703e-02 1.457615e-02 -1.493827e-02 1.531406e-02 -1.570421e-02 1.610947e-02 -1.653061e-02 1.696849e-02 -1.742400e-02 1.789810e-02 -1.839182e-02 1.890625e-02 -1.944257e-02 2.000204e-02 -2.058601e-02 2.119593e-02 -2.183337e-02 2.250000e-02 -2.319763e-02 2.392822e-02 -2.469388e-02 2.549688e-02 -2.633969e-02 2.722500e-02 -2.815570e-02 2.913496e-02 -3.016620e-02 3.125319e-02 -3.240000e-02 3.361111e-02 -3.489142e-02 3.624630e-02 -3.768166e-02 3.920400e-02 -4.082049e-02 4.253906e-02 -4.436849e-02 4.631853e-02 -4.840000e-02 5.062500e-02 -5.300703e-02 5.556122e-02 -5.830458e-02 6.125625e-02 -6.443787e-02 6.787396e-02 -7.159240e-02 7.562500e-02 -8.000816e-02 8.478374e-02 -9.000000e-02 9.571289e-02 -1.019875e-01 1.089000e-01 -1.165398e-01 1.250128e-01 -1.344444e-01 1.449852e-01 -1.568160e-01 1.701563e-01 -1.852741e-01 2.025000e-01 -2.222449e-01 2.450250e-01 -2.714958e-01 3.025000e-01 -3.391349e-01 3.828516e-01 -4.356000e-01 5.000510e-01 -5.799408e-01 6.806250e-01 -8.100000e-01 9.801000e-01 -1.210000e+00 1.531406e+00 -2.000204e+00 2.722500e+00 -3.920400e+00 6.125625e+00 -1.089000e+01 2.450250e+01 -9.801000e+01 1.998334e+02 -9.801000e+01 2.450250e+01 -1.089000e+01 6.125625e+00 -3.920400e+00 2.722500e+00 -2.000204e+00 1.531406e+00 -1.210000e+00 9.801000e-01 -8.100000e-01 6.806250e-01 
1.265625e-02 -1.294887e-02 1.325176e-02 -1.356540e-02 1.389031e-02 -1.422703e-02 1.457615e-02 -1.493827e-02 1.531406e-02 -1.570421e-02 1.610947e-02 -1.653061e-02 1.696849e-02 -1.742400e-02 1.789810e-02 -1.839182e-02 1.890625e-02 -1.944257e-02 2.000204e-02 -2.058601e-02 2.119593e-02 -2.183337e-02 2.250000e-02 -2.319763e-02 2.392822e-02 -2.469388e-02 2.549688e-02 -2.633969e-02 2.722500e-02 -2.815570e-02 2.913496e-02 -3.016620e-02 3.125319e-02 -3.240000e-02 3.361111e-02 -3.489142e-02 3.624630e-02 -3.768166e-02 3.920400e-02 -4.082049e-02 4.253906e-02 -4.436849e-02 4.631853e-02 -4.840000e-02 5.062500e-02 -5.300703e-02 5.556122e-02 -5.830458e-02 6.125625e-02 -6.443787e-02 6.787396e-02 -7.159240e-02 7.562500e-02 -8.000816e-02 8.478374e-02 -9.000000e-02 9.571289e-02 -1.019875e-01 1.089000e-01 -1.165398e-01 1.250128e-01 -1.344444e-01 1.449852e-01 -1.568160e-01 1.701563e-01 -1.852741e-01 2.025000e-01 -2.222449e-01 2.450250e-01 -2.714958e-01 3.025000e-01 -3.391349e-01 3.828516e-01 -4.356000e-01 5.000510e-01 -5.799408e-01 6.806250e-01 -8.100000e-01 9.801000e-01 -1.210000e+00 1.531406e+00 -2.000204e+00 2.722500e+00 -3.920400e+00 6.125625e+00 -1.089000e+01 2.450250e+01 -9.801000e+01 2.007262e+02 -9.801000e+01 2.450250e+01 -1.089000e+01 6.125625e+00 -3.920400e+00 2.722500e+00 -2.000204e+00 1.531406e+00 -1.210000e+00 9.801000e-01 -8.100000e-01 
-1.237344e-02 1.265625e-02 -1.294887e-02 1.325176e-02 -1.356540e-02 1.389031e-02 -1.422703e-02 1.457615e-02 -1.493827e-02 1.531406e-02 -1.570421e-02 1.610947e-02 -1.653061e-02 1.696849e-02 -1.742400e-02 1.789810e-02 -1.839182e-02 1.890625e-02 -1.944257e-02 2.000204e-02 -2.058601e-02 2.119593e-02 -2.183337e-02 2.250000e-02 -2.319763e-02 2.392822e-02 -2.469388e-02 2.549688e-02 -2.633969e-02 2.722500e-02 -2.815570e-02 2.913496e-02 -3.016620e-02 3.125319e-02 -3.240000e-02 3.361111e-02 -3.489142e-02 3.624630e-02 -3.768166e-02 3.920400e-02 -4.082049e-02 4.253906e-02 -4.436849e-02 4.631853e-02 -4.840000e-02 5.062500e-02 -5.300703e-02 5.556122e-02 -5.830458e-02 6.125625e-02 -6.443787e-02 6.787396e-02 -7.159240e-02 7.562500e-02 -8.000816e-02 8.478374e-02 -9.000000e-02 9.571289e-02 -1.019875e-01 1.089000e-01 -1.165398e-01 1.250128e-01 -1.344444e-01 1.449852e-01 -1.568160e-01 1.701563e-01 -1.852741e-01 2.025000e-01 -2.222449e-01 2.450250e-01 -2.714958e-01 3.025000e-01 -3.391349e-01 3.828516e-01 -4.356000e-01 5.000510e-01 -5.799408e-01 6.806250e-01 -8.100000e-01 9.801000e-01 -1.210000e+00 1.531406e+00 -2.000204e+00 2.722500e+00 -3.920400e+00 6.125625e+00 -1.089000e+01 2.450250e+01 -9.801000e+01 2.016291e+02 -9.801000e+01 2.450250e+01 -1.089000e+01 6.125625e+00 -3.920400e+00 2.722500e+00 -2.000204e+00 1.531406e+00 -1.210000e+00 9.801000e-01 
1.210000e-02 -1.237344e-02 1.265625e-02 -1.294887e-02 1.325176e-02 -1.356540e-02 1.389031e-02 -1.422703e-02 1.457615e-02 -1.493827e-02 1.531406e-02 -1.570421e-02 1.610947e-02 -1.653061e-02 1.696849e-02 -1.742400e-02 1.789810e-02 -1.839182e-02 1.890625e-02 -1.944257e-02 2.000204e-02 -2.058601e-02 2.119593e-02 -2.183337e-02 2.250000e-02 -2.319763e-02 2.392822e-02 -2.469388e-02 2.549688e-02 -2.633969e-02 2.722500e-02 -2.815570e-02 2.913496e-02 -3.016620e-02 3.125319e-02 -3.240000e-02 3.361111e-02 -3.489142e-02 3.624630e-02 -3.768166e-02 3.920400e-02 -4.082049e-02 4.253906e-02 -4.436849e-02 4.631853e-02 -4.840000e-02 5.062500e-02 -5.300703e-02 5.556122e-02 -5.830458e-02 6.125625e-02 -6.443787e-02 6.787396e-02 -7.159240e-02 7.562500e-02 -8.000816e-02 8.478374e-02 -9.000000e-02 9.571289e-02 -1.019875e-01 1.089000e-01 -1.165398e-01 1.250128e-01 -1.344444e-01 1.449852e-01 -1.568160e-01 1.701563e-01 -1.852741e-01 2.025000e-01 -2.222449e-01 2.450250e-01 -2.714958e-01 3.025000e-01 -3.391349e-01 3.828516e-01 -4.356000e-01 5.000510e-01 -5.799408e-01 6.806250e-01 -8.100000e-01 9.801000e-01 -1.210000e+00 1.531406e+00 -2.000204e+00 2.722500e+00 -3.920400e+00 6.125625e+00 -1.089000e+01 2.450250e+01 -9.801000e+01 2.025423e+02 -9.801000e+01 2.450250e+01 -1.089000e+01 6.125625e+00 -3.920400e+00 2.722500e+00 -2.000204e+00 1.531406e+00 -1.210000e+00 
-1.183553e-02 1.210000e-02 -1.237344e-02 1.265625e-02 -1.294887e-02 1.325176e-02 -1.356540e-02 1.389031e-02 -1.422703e-02 1.457615e-02 -1.493827e-02 1.531406e-02 -1.570421e-02 1.610947e-02 -1.653061e-02 1.696849e-02 -1.742400e-02 1.789810e-02 -1.839182e-02 1.890625e-02 -1.944257e-02 2.000204e-02 -2.058601e-02 2.119593e-02 -2.183337e-02 2.250000e-02 -2.319763e-02 2.392822e-02 -2.469388e-02 2.549688e-02 -2.633969e-02 2.722500e-02 -2.815570e-02 2.913496e-02 -3.016620e-02 3.125319e-02 -3.240000e-02 3.361111e-02 -3.489142e-02 3.624630e-02 -3.768166e-02 3.920400e-02 -4.082049e-02 4.253906e-02 -4.436849e-02 4.631853e-02 -4.840000e-02 5.062500e-02 -5.300703e-02 5.556122e-02 -5.830458e-02 6.125625e-02 -6.443787e-02 6.787396e-02 -7.159240e-02 7.562500e-02 -8.000816e-02 8.478374e-02 -9.000000e-02 9.571289e-02 -1.019875e-01 1.089000e-01 -1.165398e-01 1.250128e-01 -1.344444e-01 1.449852e-01 -1.568160e-01 1.701563e-01 -1.852741e-01 2.025000e-01 -2.222449e-01 2.450250e-01 -2.714958e-01 3.025000e-01 -3.391349e-01 3.828516e-01 -4.356000e-01 5.000510e-01 -5.799408e-01 6.806250e-01 -8.100000e-01 9.801000e-01 -1.210000e+00 1.531406e+00 -2.000204e+00 2.722500e+00 -3.920400e+00 6.125625e+00 -1.089000e+01 2.450250e+01 -9.801000e+01 2.034657e+02 -9.801000e+01 2.450250e+01 -1.089000e+01 6.125625e+00 -3.920400e+00 2.722500e+00 -2.000204e+00 1.531406e+00 
1.157963e-02 -1.183553e-02 1.210000e-02 -1.237344e-02 1.265625e-02 -1.294887e-02 1.325176e-02 -1.356540e-02 1.389031e-02 -1.422703e-02 1.457615e-02 -1.493827e-02 1.531406e-02 -1.570421e-02 1.610947e-02 -1.653061e-02 1.696849e-02 -1.742400e-02 1.789810e-02 -1.839182e-02 1.890625e-02 -1.944257e-02 2.000204e-02 -2.058601e-02 2.119593e-02 -2.183337e-02 2.250000e-02 -2.319763e-02 2.392822e-02 -2.469388e-02 2.549688e-02 -2.633969e-02 2.722500e-02 -2.815570e-02 2.913496e-02 -3.016620e-02 3.125319e-02 -3.240000e-02 3.361111e-02 -3.489142e-02 3.624630e-02 -3.768166e-02 3.920400e-02 -4.082049e-02 4.253906e-02 -4.436849e-02 4.631853e-02 -4.840000e-02 5.062500e-02 -5.300703e-02 5.556122e-02 -5.830458e-02 6.125625e-02 -6.443787e-02 6.787396e-02 -7.159240e-02 7.562500e-02 -8.000816e-02 8.478374e-02 -9.000000e-02 9.571289e-02 -1.019875e-01 1.089000e-01 -1.165398e-01 1.250128e-01 -1.344444e-01 1.449852e-01 -1.568160e-01 1.701563e-01 -1.852741e-01 2.025000e-01 -2.222449e-01 2.450250e-01 -2.714958e-01 3.025000e-01 -3.391349e-01 3.828516e-01 -4.356000e-01 5.000510e-01 -5.799408e-01 6.806250e-01 -8.100000e-01 9.801000e-01 -1.210000e+00 1.531406e+00 -2.000204e+00 2.722500e+00 -3.920400e+00 6.125625e+00 -1.089000e+01 2.450250e+01 -9.801000e+01 2.043993e+02 -9.801000e+01 2.450250e+01 -1.089000e+01 6.125625e+00 -3.920400e+00 2.722500e+00 -2.000204e+00 
-1.133195e-02 1.157963e-02 -1.183553e-02 1.210000e-02 -1.237344e-02 1.265625e-02 -1.294887e-02 1.325176e-02 -1.356540e-02 1.389031e-02 -1.422703e-02 1.457615e-02 -1.493827e-02 1.531406e-02 -1.570421e-02 1.610947e-02 -1.653061e-02 1.696849e-02 -1.742400e-02 1.789810e-02 -1.839182e-02 1.890625e-02 -1.944257e-02 2.000204e-02 -2.058601e-02 2.119593e-02 -2.183337e-02 2.250000e-02 -2.319763e-02 2.392822e-02 -2.469388e-02 2.549688e-02 -2.633969e-02 2.722500e-02 -2.815570e-02 2.913496e-02 -3.016620e-02 3.125319e-02 -3.240000e-02 3.361111e-02 -3.489142e-02 3.624630e-02 -3.768166e-02 3.920400e-02 -4.082049e-02 4.253906e-02 -4.436849e-02 4.631853e-02 -4.840000e-02 5.062500e-02 -5.300703e-02 5.556122e-02 -5.830458e-02 6.125625e-02 -6.443787e-02 6.787396e-02 -7.159240e-02 7.562500e-02 -8.000816e-02 8.478374e-02 -9.000000e-02 9.571289e-02 -1.019875e-01 1.089000e-01 -1.165398e-01 1.250128e-01 -1.344444e-01 1.449852e-01 -1.568160e-01 1.701563e-01 -1.852741e-01 2.025000e-01 -2.222449e-01 2.450250e-01 -2.714958e-01 3.025000e-01 -3.391349e-01 3.828516e-01 -4.356000e-01 5.000510e-01 -5.799408e-01 6.806250e-01 -8.100000e-01 9.801000e-01 -1.210000e+00 1.531406e+00 -2.000204e+00 2.722500e+00 -3.920400e+00 6.125625e+00 -1.089000e+01 2.450250e+01 -9.801000e+01 2.053430e+02 -9.801000e+01 2.450250e+01 -1.089000e+01 6.125625e+00 -3.920400e+00 2.722500e+00 
1.109212e-02 -1.133195e-02 1.157963e-02 -1.183553e-02 1.210000e-02 -1.237344e-02 1.265625e-02 -1.294887e-02 1.325176e-02 -1.356540e-02 1.389031e-02 -1.422703e-02 1.457615e-02 -1.493827e-02 1.531406e-02 -1.570421e-02 1.610947e-02 -1.653061e-02 1.696849e-02 -1.742400e-02 1.789810e-02 -1.839182e-02 1.890625e-02 -1.944257e-02 2.000204e-02 -2.058601e-02 2.119593e-02 -2.183337e-02 2.250000e-02 -2.319763e-02 2.392822e-02 -2.469388e-02 2.549688e-02 -2.633969e-02 2.722500e-02 -2.815570e-02 2.913496e-02 -3.016620e-02 3.125319e-02 -3.240000e-02 3.361111e-02 -3.489142e-02 3.624630e-02 -3.768166e-02 3.920400e-02 -4.082049e-02 4.253906e-02 -4.436849e-02 4.631853e-02 -4.840000e-02 5.062500e-02 -5.300703e-02 5.556122e-02 -5.830458e-02 6.125625e-02 -6.443787e-02 6.787396e-02 -7.159240e-02 7.562500e-02 -8.000816e-02 8.478374e-02 -9.000000e-02 9.571289e-02 -1.019875e-01 1.089000e-01 -1.165398e-01 1.250128e-01 -1.344444e-01 1.449852e-01 -1.568160e-01 1.701563e-01 -1.852741e-01 2.025000e-01 -2.222449e-01 2.450250e-01 -2.714958e-01 3.025000e-01 -3.391349e-01 3.828516e-01 -4.356000e-01 5.000510e-01 -5.799408e-01 6.806250e-01 -8.100000e-01 9.801000e-01 -1.210000e+00 1.531406e+00 -2.000204e+00 2.722500e+00 -3.920400e+00 6.125625e+00 -1.089000e+01 2.450250e+01 -9.801000e+01 2.062970e+02 -9.801000e+01 2.450250e+01 -1.089000e+01 6.125625e+00 -3.920400e+00 
-1.085983e-02 1.109212e-02 -1.133195e-02 1.157963e-02 -1.183553e-02 1.210000e-02 -1.237344e-02 1.265625e-02 -1.294887e-02 1.325176e-02 -1.356540e-02 1.389031e-02 -1.422703e-02 1.457615e-02 -1.493827e-02 1.531406e-02 -1.570421e-02 1.610947e-02 -1.653061e-02 1.696849e-02 -1.742400e-02 1.789810e-02 -1.839182e-02 1.890625e-02 -1.944257e-02 2.000204e-02 -2.058601e-02 2.119593e-02 -2.183337e-02 2.250000e-02 -2.319763e-02 2.392822e-02 -2.469388e-02 2.549688e-02 -2.633969e-02 2.722500e-02 -2.815570e-02 2.913496e-02 -3.016620e-02 3.125319e-02 -3.240000e-02 3.361111e-02 -3.489142e-02 3.624630e-02 -3.768166e-02 3.920400e-02 -4.082049e-02 4.253906e-02 -4.436849e-02 4.631853e-02 -4.840000e-02 5.062500e-02 -5.300703e-02 5.556122e-02 -5.830458e-02 6.125625e-02 -6.443787e-02 6.787396e-02 -7.159240e-02 7.562500e-02 -8.000816e-02 8.478374e-02 -9.000000e-02 9.571289e-02 -1.019875e-01 1.089000e-01 -1.165398e-01 1.250128e-01 -1.344444e-01 1.449852e-01 -1.568160e-01 1.701563e-01 -1.852741e-01 2.025000e-01 -2.222449e-01 2.450250e-01 -2.714958e-01 3.025000e-01 -3.391349e-01 3.828516e-01 -4.356000e-01 5.000510e-01 -5.799408e-01 6.806250e-01 -8.100000e-01 9.801000e-01 -1.210000e+00 1.531406e+00 -2.000204e+00 2.722500e+00 -3.920400e+00 6.125625e+00 -1.089000e+01 2.450250e+01 -9.801000e+01 2.072612e+02 -9.801000e+01 2.450250e+01 -1.089000e+01 6.125625e+00 
1.063477e-02 -1.085983e-02 1.109212e-02 -1.133195e-02 1.157963e-02 -1.183553e-02 1.210000e-02 -1.237344e-02 1.265625e-02 -1.294887e-02 1.325176e-02 -1.356540e-02 1.389031e-02 -1.422703e-02 1.457615e-02 -1.493827e-02 1.531406e-02 -1.570421e-02 1.610947e-02 -1.653061e-02 1.696849e-02 -1.742400e-02 1.789810e-02 -1.839182e-02 1.890625e-02 -1.944257e-02 2.000204e-02 -2.058601e-02 2.119593e-02 -2.183337e-02 2.250000e-02 -2.319763e-02 2.392822e-02 -2.469388e-02 2.549688e-02 -2.633969e-02 2.722500e-02 -2.815570e-02 2.913496e-02 -3.016620e-02 3.125319e-02 -3.240000e-02 3.361111e-02 -3.489142e-02 3.624630e-02 -3.768166e-02 3.920400e-02 -4.082049e-02 4.253906e-02 -4.436849e-02 4.631853e-02 -4.840000e-02 5.062500e-02 -5.300703e-02 5.556122e-02 -5.830458e-02 6.125625e-02 -6.443787e-02 6.787396e-02 -7.159240e-02 7.562500e-02 -8.000816e-02 8.478374e-02 -9.000000e-02 9.571289e-02 -1.019875e-01 1.089000e-01 -1.165398e-01 1.250128e-01 -1.344444e-01 1.449852e-01 -1.568160e-01 1.701563e-01 -1.852741e-01 2.025000e-01 -2.222449e-01 2.450250e-01 -2.714958e-01 3.025000e-01 -3.391349e-01 3.828516e-01 -4.356000e-01 5.000510e-01 -5.799408e-01 6.806250e-01 -8.100000e-01 9.801000e-01 -1.210000e+00 1.531406e+00 -2.000204e+00 2.722500e+00 -3.920400e+00 6.125625e+00 -1.089000e+01 2.450250e+01 -9.801000e+01 2.082356e+02 -9.801000e+01 2.450250e+01 -1.089000e+01 
-1.041662e-02 1.063477e-02 -1.085983e-02 1.109212e-02 -1.133195e-02 1.157963e-02 -1.183553e-02 1.210000e-02 -1.237344e-02 1.265625e-02 -1.294887e-02 1.325176e-02 -1.356540e-02 1.389031e-02 -1.422703e-02 1.457615e-02 -1.493827e-02 1.531406e-02 -1.570421e-02 1.610947e-02 -1.653061e-02 1.696849e-02 -1.742400e-02 1.789810e-02 -1.839182e-02 1.890625e-02 -1.944257e-02 2.000204e-02 -2.058601e-02 2.119593e-02 -2.183337e-02 2.250000e-02 -2.319763e-02 2.392822e-02 -2.469388e-02 2.549688e-02 -2.633969e-02 2.722500e-02 -2.815570e-02 2.913496e-02 -3.016620e-02 3.125319e-02 -3.240000e-02 3.361111e-02 -3.489142e-02 3.624630e-02 -3.768166e-02 3.920400e-02 -4.082049e-02 4.253906e-02 -4.436849e-02 4.631853e-02 -4.840000e-02 5.062500e-02 -5.300703e-02 5.556122e-02 -5.830458e-02 6.125625e-02 -6.443787e-02 6.787396e-02 -7.159240e-02 7.562500e-02 -8.000816e-02 8.478374e-02 -9.000000e-02 9.571289e-02 -1.019875e-01 1.089000e-01 -1.165398e-01 1.250128e-01 -1.344444e-01 1.449852e-01 -1.568160e-01 1.701563e-01 -1.852741e-01 2.025000e-01 -2.222449e-01 2.450250e-01 -2.714958e-01 3.025000e-01 -3.391349e-01 3.828516e-01 -4.356000e-01 5.000510e-01 -5.799408e-01 6.806250e-01 -8.100000e-01 9.801000e-01 -1.210000e+00 1.531406e+00 -2.000204e+00 2.722500e+00 -3.920400e+00 6.125625e+00 -1.089000e+01 2.450250e+01 -9.801000e+01 2.092202e+02 -9.801000e+01 2.450250e+01 
1.020512e-02 -1.041662e-02 1.063477e-02 -1.085983e-02 1.109212e-02 -1.133195e-02 1.157963e-02 -1.183553e-02 1.210000e-02 -1.237344e-02 1.265625e-02 -1.294887e-02 1.325176e-02 -1.356540e-02 1.389031e-02 -1.422703e-02 1.457615e-02 -1.493827e-02 1.531406e-02 -1.570421e-02 1.610947e-02 -1.653061e-02 1.696849e-02 -1.742400e-02 1.789810e-02 -1.839182e-02 1.890625e-02 -1.944257e-02 2.000204e-02 -2.058601e-02 2.119593e-02 -2.183337e-02 2.250000e-02 -2.319763e-02 2.392822e-02 -2.469388e-02 2.549688e-02 -2.633969e-02 2.722500e-02 -2.815570e-02 2.913496e-02 -3.016620e-02 3.125319e-02 -3.240000e-02 3.361111e-02 -3.489142e-02 3.624630e-02 -3.768166e-02 3.920400e-02 -4.082049e-02 4.253906e-02 -4.436849e-02 4.631853e-02 -4.840000e-02 5.062500e-02 -5.300703e-02 5.556122e-02 -5.830458e-02 6.125625e-02 -6.443787e-02 6.787396e-02 -7.159240e-02 7.562500e-02 -8.000816e-02 8.478374e-02 -9.000000e-02 9.571289e-02 -1.019875e-01 1.089000e-01 -1.165398e-01 1.250128e-01 -1.344444e-01 1.449852e-01 -1.568160e-01 1.701563e-01 -1.852741e-01 2.025000e-01 -2.222449e-01 2.450250e-01 -2.714958e-01 3.025000e-01 -3.391349e-01 3.828516e-01 -4.356000e-01 5.000510e-01 -5.799408e-01 6.806250e-01 -8.100000e-01 9.801000e-01 -1.210000e+00 1.531406e+00 -2.000204e+00 2.722500e+00 -3.920400e+00 6.125625e+00 -1.089000e+01 2.450250e+01 -9.801000e+01 2.102150e+02 -9.801000e+01 
-1.000000e-02 1.020512e-02 -1.041662e-02 1.063477e-02 -1.085983e-02 1.109212e-02 -1.133195e-02 1.157963e-02 -1.183553e-02 1.210000e-02 -1.237344e-02 1.265625e-02 -1.294887e-02 1.325176e-02 -1.356540e-02 1.389031e-02 -1.422703e-02 1.457615e-02 -1.493827e-02 1.531406e-02 -1.570421e-02 1.610947e-02 -1.653061e-02 1.696849e-02 -1.742400e-02 1.789810e-02 -1.839182e-02 1.890625e-02 -1.944257e-02 2.000204e-02 -2.058601e-02 2.119593e-02 -2.183337e-02 2.250000e-02 -2.319763e-02 2.392822e-02 -2.469388e-02 2.549688e-02 -2.633969e-02 2.722500e-02 -2.815570e-02 2.913496e-02 -3.016620e-02 3.125319e-02 -3.240000e-02 3.361111e-02 -3.489142e-02 3.624630e-02 -3.768166e-02 3.920400e-02 -4.082049e-02 4.253906e-02 -4.436849e-02 4.631853e-02 -4.840000e-02 5.062500e-02 -5.300703e-02 5.556122e-02 -5.830458e-02 6.125625e-02 -6.443787e-02 6.787396e-02 -7.159240e-02 7.562500e-02 -8.000816e-02 8.478374e-02 -9.000000e-02 9.571289e-02 -1.019875e-01 1.089000e-01 -1.165398e-01 1.250128e-01 -1.344444e-01 1.449852e-01 -1.568160e-01 1.701563e-01 -1.852741e-01 2.025000e-01 -2.222449e-01 2.450250e-01 -2.714958e-01 3.025000e-01 -3.391349e-01 3.828516e-01 -4.356000e-01 5.000510e-01 -5.799408e-01 6.806250e-01 -8.100000e-01 9.801000e-01 -1.210000e+00 1.531406e+00 -2.000204e+00 2.722500e+00 -3.920400e+00 6.125625e+00 -1.089000e+01 2.450250e+01 -9.801000e+01 2.112200e+02 
